26918,Tamara Dahlen,Ontario,Ontario,Corporate
54342,Bill Donatelli,Ontario,Ontario,Corporate
34275,Christy Brittain,British Columbia,West,Consumer
4004,Barry Blumstein,British Columbia,West,Small Business
44229,Aleksandra Gannaway,New Brunswick,Atlantic,Corporate
13861,Paul Prost,Ontario,Ontario,Corporate
46336,Russell Applegate,Ontario,Ontario,Home Office
39169,Pauline Webber,Alberta,West,Consumer
46662,Greg Guthrie,Prince Edward Island,Atlantic,Small Business
5860,Sheri Gordon,Quebec,Quebec,Corporate
42246,Erin Smith,Ontario,Ontario,Home Office
53698,Andy Yotov,Ontario,Ontario,Corporate
37473,Carl Weiss,Alberta,West,Consumer
5543,Noel Staavos,Quebec,Quebec,Home Office
2628,Aaron Hawkins,British Columbia,West,Home Office
11362,Annie Thurman,Alberta,West,Consumer
16326,Ted Trevino,Ontario,Ontario,Corporate
59815,Tamara Chand,Ontario,Ontario,Consumer
58470,Tom Prescott,British Columbia,West,Small Business
50657,Fred Chung,Quebec,Quebec,Corporate
293,Eileen Kiefer,Ontario,Ontario,Consumer
21634,Hilary Holden,Prince Edward Island,Atlantic,Corporate
3395,Lynn Smith,New Brunswick,Atlantic,Corporate
42243,Dan Reichenbach,Prince Edward Island,Atlantic,Corporate
54534,Sonia Sunley,British Columbia,West,Corporate
15872,Julie Kriz,Manitoba,Prarie,Corporate
40097,Carlos Soltero,Northwest Territories,Northwest Territories,Small Business
56901,Xylona Price,Ontario,Ontario,Corporate
23936,Cindy Schnelling,Northwest Territories,Northwest Territories,Corporate
15397,Matthew Grinstein,Alberta,West,Small Business
43271,Marina Lichtenstein,British Columbia,West,Corporate
39749,Art Ferguson,Nova Scotia,Atlantic,Corporate
29639,Victoria Wilson,Ontario,Ontario,Home Office
21799,Deanra Eno,Yukon,Yukon,Corporate
14951,Jocasta Rupert,New Brunswick,Atlantic,Consumer
51557,Kristina Nunn,British Columbia,West,Consumer
43713,Meg O'Connel,Ontario,Ontario,Corporate
33444,Barry Weirich,Nunavut,Nunavut,Corporate
37185,Jim Epp,New Brunswick,Atlantic,Small Business
33220,Odella Nelson,Ontario,Ontario,Small Business
54464,Trudy Brown,Saskachewan,Prarie,Small Business
23362,Amy Hunt,Saskachewan,Prarie,Home Office
29382,Thea Hendricks,Yukon,Yukon,Home Office
26503,Naresj Patel,Ontario,Ontario,Corporate
6982,Vivek Grady,Ontario,Ontario,Home Office
25318,Neil French,Saskachewan,Prarie,Corporate
3845,Juliana Krohn,British Columbia,West,Corporate
45664,Greg Matthias,British Columbia,West,Home Office
5251,Phillip Flathmann,Manitoba,Prarie,Small Business
10917,John Huston,Saskachewan,Prarie,Consumer
32292,Trudy Bell,Alberta,West,Consumer
24801,Joel Jenkins,Manitoba,Prarie,Corporate
12228,Nora Paige,Yukon,Yukon,Small Business
10692,Eleni McCrary,Nova Scotia,Atlantic,Corporate
20518,Ritsa Hightower,Ontario,Ontario,Corporate
43940,Edward Nazzal,Ontario,Ontario,Home Office
5318,Harold Engle,Prince Edward Island,Atlantic,Home Office
45217,Sarah Foster,Ontario,Ontario,Corporate
24960,Joni Sundaresam,Ontario,Ontario,Home Office
39492,Shahid Hopkins,British Columbia,West,Small Business
2978,Candace McMahon,Ontario,Ontario,Corporate
58113,Brad Norvell,Manitoba,Prarie,Corporate
23847,Fred McMath,Nova Scotia,Atlantic,Small Business
32869,Henia Zydlo,Manitoba,Prarie,Home Office
15971,Maxwell Schwartz,Saskachewan,Prarie,Corporate
11680,Edward Becker,Ontario,Ontario,Home Office
47108,Harold Dahlen,British Columbia,West,Corporate
10308,Kean Nguyen,Ontario,Ontario,Corporate
30787,Alan Barnes,Northwest Territories,Northwest Territories,Corporate
45506,Victoria Pisteka,Alberta,West,Corporate
28198,Victoria Pisteka,British Columbia,West,Corporate
46977,Erica Bern,Prince Edward Island,Atlantic,Corporate
52673,Allen Rosenblatt,Nunavut,Nunavut,Small Business
4389,Ellis Ballard,Quebec,Quebec,Corporate
38048,Anemone Ratner,New Brunswick,Atlantic,Small Business
2752,John Murray,Alberta,West,Small Business
35238,Beth Fritzler,Saskachewan,Prarie,Small Business
20898,Pamela Stobb,Quebec,Quebec,Consumer
22688,Greg Hansen,Saskachewan,Prarie,Home Office
24003,Mathew Reese,Quebec,Quebec,Small Business
29058,Ed Braxton,Manitoba,Prarie,Home Office
11846,Valerie Takahito,Saskachewan,Prarie,Consumer
56291,Linda Southworth,Manitoba,Prarie,Consumer
57253,Toby Swindell,Saskachewan,Prarie,Small Business
46375,Rick Wilson,Alberta,West,Corporate
12551,Barry French,Nunavut,Nunavut,Consumer
36866,Lindsay Shagiari,Ontario,Ontario,Home Office
50404,Cathy Armstrong,British Columbia,West,Consumer
50563,Tracy Hopkins,British Columbia,West,Small Business
50978,Helen Andreada,Manitoba,Prarie,Corporate
39744,Olvera Toch,Ontario,Ontario,Home Office
6112,Paul MacIntyre,Nova Scotia,Atlantic,Corporate
28675,Darrin Van Huff,Saskachewan,Prarie,Home Office
51041,Troy Blackwell,Ontario,Ontario,Home Office
54564,Brenda Bowman,Quebec,Quebec,Small Business
57891,Ed Ludwig,Ontario,Ontario,Consumer
56868,Patrick Ryan,Saskachewan,Prarie,Corporate
51111,Denise Monton,Saskachewan,Prarie,Home Office
24067,Craig Carroll,Alberta,West,Corporate
52964,Guy Armstrong,Prince Edward Island,Atlantic,Corporate
51073,Carl Weiss,Saskachewan,Prarie,Consumer
51169,Joseph Airdo,Manitoba,Prarie,Consumer
23557,Randy Bradley,Saskachewan,Prarie,Small Business
24707,Thais Sissman,Manitoba,Prarie,Small Business
1991,Dorothy Wardle,Nunavut,Nunavut,Corporate
17959,Julia West,Northwest Territories,Northwest Territories,Small Business
51140,Stephanie Phelps,Alberta,West,Consumer
52608,Karen Carlisle,British Columbia,West,Home Office
53476,Roy Phan,Alberta,West,Corporate
28933,Pauline Chand,Ontario,Ontario,Corporate
4675,Brad Eason,Ontario,Ontario,Small Business
58372,Thomas Boland,Ontario,Ontario,Corporate
6179,Liz Pelletier,Saskachewan,Prarie,Home Office
53894,Berenike Kampe,Nova Scotia,Atlantic,Corporate
12066,Roy Skaria,British Columbia,West,Corporate
54053,Dennis Pardue,Saskachewan,Prarie,Small Business
17543,Pamela Coakley,Ontario,Ontario,Corporate
12096,Arthur Gainer,Quebec,Quebec,Corporate
32449,Maria Zettner,Alberta,West,Corporate
21703,Ionia McGrath,New Brunswick,Atlantic,Small Business
2144,George Bell,Ontario,Ontario,Corporate
53254,Larry Tron,Alberta,West,Home Office
1411,Gary McGarr,Manitoba,Prarie,Home Office
3778,Nicole Brennan,Yukon,Yukon,Consumer
39909,Luke Weiss,British Columbia,West,Corporate
10470,Brad Thomas,Yukon,Yukon,Home Office
45125,Chloris Kastensmidt,Alberta,West,Consumer
37315,Rick Wilson,Saskachewan,Prarie,Corporate
2146,Cari MacIntyre,Ontario,Ontario,Corporate
56960,Alice McCarthy,Alberta,West,Corporate
14755,Ben Peterman,Quebec,Quebec,Corporate
33154,Lisa Hazard,Alberta,West,Home Office
52256,Brad Norvell,Nova Scotia,Atlantic,Corporate
34400,Rob Haberlin,British Columbia,West,Corporate
12869,Paul Knutson,Quebec,Quebec,Corporate
17251,Anne Pryor,Quebec,Quebec,Consumer
26976,Matt Collins,British Columbia,West,Consumer
56420,Ralph Knight,Northwest Territories,Northwest Territories,Consumer
48704,Cynthia Arntzen,Ontario,Ontario,Small Business
2725,Jason Fortune,Alberta,West,Corporate
40707,Alan Schoenberger,Ontario,Ontario,Corporate
35430,Anemone Ratner,Ontario,Ontario,Small Business
35271,Darren Budd,Ontario,Ontario,Home Office
17410,Christopher Schild,Prince Edward Island,Atlantic,Corporate
17988,Elizabeth Moffitt,Nova Scotia,Atlantic,Consumer
59553,Aleksandra Gannaway,Yukon,Yukon,Corporate
21956,Justin Hirsh,Nova Scotia,Atlantic,Consumer
23522,Sandra Glassco,Ontario,Ontario,Home Office
4230,Neil French,Saskachewan,Prarie,Consumer
5254,Georgia Rosenberg,New Brunswick,Atlantic,Consumer
34723,Allen Golden,Ontario,Ontario,Consumer
39815,Ruben Dartt,Alberta,West,Corporate
44231,Ted Butterfield,Quebec,Quebec,Corporate
54692,Todd Boyes,Ontario,Ontario,Small Business
28611,Jack O'Briant,Saskachewan,Prarie,Small Business
55203,Dave Kipp,Yukon,Yukon,Consumer
17344,Maureen Fritzler,Ontario,Ontario,Corporate
416,Dan Campbell,Newfoundland,Atlantic,Corporate
31718,Valerie Takahito,Manitoba,Prarie,Consumer
26723,Ken Dana,Alberta,West,Corporate
12676,Shirley Daniels,Quebec,Quebec,Corporate
39904,Darren Budd,Ontario,Ontario,Consumer
6310,Parhena Norris,Manitoba,Prarie,Home Office
39041,George Ashbrook,Ontario,Ontario,Small Business
40838,Brian Stugart,Ontario,Ontario,Consumer
10658,Guy Armstrong,Manitoba,Prarie,Corporate
28867,Alejandro Ballentine,Alberta,West,Small Business
10945,Cindy Stewart,Yukon,Yukon,Corporate
41760,Arianne Irving,Saskachewan,Prarie,Corporate
10851,Neil Ducich,Manitoba,Prarie,Home Office
19687,Brendan Murry,British Columbia,West,Corporate
20900,Corey Lock,British Columbia,West,Home Office
40934,Bobby Trafton,British Columbia,West,Corporate
30208,Eric Murdock,Newfoundland,Atlantic,Home Office
29349,Frank Atkinson,Prince Edward Island,Atlantic,Corporate
7301,Nora Paige,Nova Scotia,Atlantic,Small Business
31620,Anthony Rawles,British Columbia,West,Small Business
55042,Jennifer Braxton,Prince Edward Island,Atlantic,Small Business
38853,Pete Armstrong,Ontario,Ontario,Consumer
53152,Thomas Brumley,British Columbia,West,Consumer
25248,MaryBeth Skach,Saskachewan,Prarie,Home Office
18534,Luke Schmidt,Saskachewan,Prarie,Home Office
41634,Craig Yedwab,Nova Scotia,Atlantic,Corporate
43330,Charles Crestani,Yukon,Yukon,Consumer
43972,Dan Lawera,Ontario,Ontario,Corporate
40036,James Lanier,Ontario,Ontario,Corporate
7171,Susan Vittorini,Ontario,Ontario,Home Office
29255,Deanra Eno,New Brunswick,Atlantic,Corporate
44071,Jack O'Briant,Nova Scotia,Atlantic,Small Business
17698,Sylvia Foulston,Northwest Territories,Northwest Territories,Corporate
9639,Julia Dunbar,Saskachewan,Prarie,Consumer
5538,Michael Chen,Quebec,Quebec,Consumer
21414,John Castell,Ontario,Ontario,Consumer
51938,Helen Wasserman,Quebec,Quebec,Home Office
31106,Cynthia Delaney,British Columbia,West,Corporate
23429,Becky Martin,Nova Scotia,Atlantic,Home Office
46627,John Lucas,Ontario,Ontario,Small Business
30278,Cynthia Delaney,Quebec,Quebec,Corporate
47169,Frank Merwin,Alberta,West,Consumer
23361,Greg Matthias,British Columbia,West,Small Business
52672,Delfina Latchford,Northwest Territories,Northwest Territories,Small Business
24038,Erica Hernandez,Quebec,Quebec,Small Business
1575,Mike Vittorini,Nova Scotia,Atlantic,Small Business
39686,Resi Polking,Alberta,West,Small Business
17091,Alan Hwang,Ontario,Ontario,Corporate
33186,Richard Bierner,New Brunswick,Atlantic,Small Business
23618,Jim Mitchum,Ontario,Ontario,Consumer
53891,Anna Gayman,Ontario,Ontario,Corporate
8614,Dean Percer,Quebec,Quebec,Consumer
47713,Carlos Soltero,Prince Edward Island,Atlantic,Consumer
56612,Khloe Miller,British Columbia,West,Corporate
5472,Beth Paige,Nunavut,Nunavut,Consumer
30887,Karen Seio,New Brunswick,Atlantic,Consumer
32834,Laurel Elliston,New Brunswick,Atlantic,Corporate
56103,Brosina Hoffman,Saskachewan,Prarie,Consumer
49760,Ellis Ballard,Yukon,Yukon,Corporate
46951,Adam Hart,Yukon,Yukon,Corporate
23713,Paul Lucas,Yukon,Yukon,Corporate
36643,Shahid Shariari,British Columbia,West,Consumer
35558,Anne Pryor,Quebec,Quebec,Home Office
9857,Nat Gilpin,Ontario,Ontario,Consumer
32002,Kelly Collister,Saskachewan,Prarie,Consumer
30149,Sally Knutson,British Columbia,West,Consumer
18849,Yana Sorensen,British Columbia,West,Corporate
27302,Barbara Fisher,British Columbia,West,Small Business
10692,Christine Phan,Ontario,Ontario,Small Business
48161,Ralph Kennedy,British Columbia,West,Corporate
43875,Jennifer Patt,Yukon,Yukon,Home Office
50914,Nick Zandusky,Saskachewan,Prarie,Small Business
39269,Jim Radford,Northwest Territories,Northwest Territories,Corporate
42561,Cari Schnelling,Northwest Territories,Northwest Territories,Home Office
26368,Keith Dawkins,Manitoba,Prarie,Home Office
57477,Don Weiss,Ontario,Ontario,Corporate
25188,Barry Franz,Ontario,Ontario,Corporate
2656,Doug Jacobs,Quebec,Quebec,Home Office
15271,Sean O'Donnell,Ontario,Ontario,Corporate
19136,Thea Hudgings,Manitoba,Prarie,Consumer
42950,Steve Nguyen,Ontario,Ontario,Small Business
50945,Shirley Jackson,Yukon,Yukon,Corporate
55618,Rick Wilson,Saskachewan,Prarie,Consumer
29761,Brian Stugart,Nova Scotia,Atlantic,Corporate
8167,Elpida Rittenbach,Nova Scotia,Atlantic,Consumer
15751,Cathy Armstrong,Nova Scotia,Atlantic,Consumer
51524,Denny Ordway,Yukon,Yukon,Small Business
41186,Alex Grayson,Quebec,Quebec,Consumer
59652,Tracy Collins,New Brunswick,Atlantic,Consumer
55744,Michelle Lonsdale,Northwest Territories,Northwest Territories,Home Office
12903,Ann Steele,Alberta,West,Corporate
12224,Alan Hwang,New Brunswick,Atlantic,Small Business
28928,Jonathan Doherty,Saskachewan,Prarie,Corporate
51075,Noel Staavos,Ontario,Ontario,Home Office
33317,Ed Jacobs,Yukon,Yukon,Small Business
26693,Deirdre Greer,Quebec,Quebec,Home Office
38274,Chris Selesnick,Ontario,Ontario,Home Office
46503,Guy Phonely,Ontario,Ontario,Corporate
5121,Steve Nguyen,Ontario,Ontario,Consumer
44037,Harold Dahlen,Quebec,Quebec,Corporate
31043,Joy Daniels,Manitoba,Prarie,Corporate
45731,Laurel Beltran,Saskachewan,Prarie,Consumer
9857,Clay Cheatham,Alberta,West,Small Business
1286,Kelly Andreada,Saskachewan,Prarie,Home Office
36930,Dave Poirier,Yukon,Yukon,Small Business
55265,Harold Pawlan,Ontario,Ontario,Small Business
47909,Liz Willingham,Ontario,Ontario,Home Office
18887,Dean Percer,Nova Scotia,Atlantic,Home Office
40420,Noel Staavos,Nova Scotia,Atlantic,Home Office
49987,Anthony Garverick,Saskachewan,Prarie,Small Business
7171,Raymond Fair,British Columbia,West,Small Business
45861,Natalie Webber,Manitoba,Prarie,Consumer
43302,Alan Shonely,Quebec,Quebec,Small Business
40065,Tamara Willingham,Yukon,Yukon,Corporate
44422,William Brown,Saskachewan,Prarie,Corporate
33159,Neoma Murray,Saskachewan,Prarie,Small Business
58658,Roy French,Ontario,Ontario,Consumer
5890,Alex Avila,British Columbia,West,Home Office
48448,Tom Ashbrook,British Columbia,West,Home Office
19394,Alan Haines,Quebec,Quebec,Consumer
26279,Natalie Webber,British Columbia,West,Corporate
49313,Rob Dowd,British Columbia,West,Corporate
32546,Stuart Calhoun,Ontario,Ontario,Consumer
38628,Nona Balk,New Brunswick,Atlantic,Corporate
13894,Roy Phan,Alberta,West,Consumer
21636,Jennifer Jackson,Saskachewan,Prarie,Home Office
14119,Alejandro Grove,Ontario,Ontario,Consumer
47333,Katharine Harms,Alberta,West,Consumer
52930,Adam Hart,British Columbia,West,Corporate
6950,Adrian Shami,Alberta,West,Consumer
38341,Joni Wasserman,Yukon,Yukon,Consumer
52291,Erica Smith,Alberta,West,Small Business
11909,Jenna Caffey,Ontario,Ontario,Consumer
34753,George Ashbrook,Ontario,Ontario,Consumer
57889,Carol Triggs,Quebec,Quebec,Home Office
29478,Bobby Trafton,Nova Scotia,Atlantic,Small Business
12743,Logan Haushalter,Quebec,Quebec,Corporate
22433,Maribeth Yedwab,Saskachewan,Prarie,Home Office
48544,Russell Applegate,Manitoba,Prarie,Home Office
44737,Duane Benoit,Ontario,Ontario,Home Office
21222,Bill Eplett,Quebec,Quebec,Corporate
31910,Charles Crestani,British Columbia,West,Consumer
14119,Nicole Brennan,Yukon,Yukon,Home Office
40194,Shui Tom,Alberta,West,Consumer
18370,Dave Poirier,Ontario,Ontario,Small Business
18951,Joseph Airdo,Ontario,Ontario,Consumer
27174,Irene Maddox,British Columbia,West,Consumer
18723,Alan Dominguez,Alberta,West,Corporate
6272,Mark Packer,Quebec,Quebec,Small Business
24993,Scott Cohen,Quebec,Quebec,Consumer
52839,Paul Prost,Saskachewan,Prarie,Corporate
55077,Sample Company A,Alberta,West,Home Office
20263,Ruben Ausman,Ontario,Ontario,Corporate
24197,Jim Kriz,Ontario,Ontario,Consumer
45409,Maria Zettner,Ontario,Ontario,Corporate
35910,John Castell,Ontario,Ontario,Small Business
55616,Sanjit Chand,British Columbia,West,Home Office
7585,Erin Creighton,Ontario,Ontario,Corporate
40838,Julie Creighton,British Columbia,West,Corporate
46436,Sheri Gordon,Manitoba,Prarie,Corporate
11584,Jane Waco,Ontario,Ontario,Corporate
2438,Patrick O'Brill,Nova Scotia,Atlantic,Home Office
12481,Shahid Shariari,British Columbia,West,Corporate
9027,Sarah Brown,Alberta,West,Consumer
20003,Jim Sink,Ontario,Ontario,Corporate
38661,Art Foster,British Columbia,West,Home Office
36103,Linda Cazamias,Ontario,Ontario,Corporate
41063,Patrick Jones,New Brunswick,Atlantic,Home Office
42851,Christopher Conant,Alberta,West,Home Office
3461,Tom Stivers,Quebec,Quebec,Corporate
14048,Sandra Flanagan,Ontario,Ontario,Home Office
27936,Arthur Wiediger,Ontario,Ontario,Corporate
52930,Nat Carroll,Ontario,Ontario,Home Office
25348,Sonia Sunley,British Columbia,West,Small Business
26981,Todd Boyes,Ontario,Ontario,Consumer
50016,Ashley Jarboe,Yukon,Yukon,Small Business
11553,Sung Pak,Alberta,West,Small Business
37760,Lena Cacioppo,British Columbia,West,Home Office
51968,Toby Knight,Manitoba,Prarie,Corporate
13958,Roland Fjeld,British Columbia,West,Corporate
19559,Ricardo Block,Alberta,West,Corporate
35840,Quincy Jones,Alberta,West,Small Business
28519,Justin MacKendrick,Quebec,Quebec,Corporate
20453,Rob Haberlin,British Columbia,West,Consumer
46662,Erin Ashbrook,Ontario,Ontario,Consumer
57475,Darren Budd,Ontario,Ontario,Corporate
13476,Jonathan Howell,Ontario,Ontario,Consumer
36003,Ann Chong,Northwest Territories,Northwest Territories,Corporate
35399,Karen Carlisle,Yukon,Yukon,Corporate
26145,Janet Martin,Yukon,Yukon,Corporate
34660,Mick Crebagga,Manitoba,Prarie,Corporate
54307,Ryan Akin,Ontario,Ontario,Consumer
41441,Frank Olsen,Alberta,West,Small Business
3395,Barry Gonzalez,Quebec,Quebec,Small Business
31715,Bart Pistole,Quebec,Quebec,Consumer
41472,Luke Foster,Yukon,Yukon,Corporate
47712,Annie Cyprus,Northwest Territories,Northwest Territories,Home Office
23107,Becky Castell,Ontario,Ontario,Consumer
38887,Saphhira Shifley,Saskachewan,Prarie,Consumer
11943,Sarah Bern,Nova Scotia,Atlantic,Corporate
16834,Toby Carlisle,Saskachewan,Prarie,Home Office
29953,Christina Vanderzanden,British Columbia,West,Small Business
50464,Tracy Poddar,Nova Scotia,Atlantic,Corporate
52195,Fred Wasserman,Northwest Territories,Northwest Territories,Home Office
7458,Chris Cortes,Newfoundland,Atlantic,Consumer
8289,Heather Kirkland,Northwest Territories,Northwest Territories,Home Office
36163,Andy Gerbode,Saskachewan,Prarie,Consumer
40165,Sally Hughsby,Ontario,Ontario,Consumer
8513,Frank Price,Northwest Territories,Northwest Territories,Corporate
46499,Michael Kennedy,Nova Scotia,Atlantic,Corporate
24326,Becky Pak,Alberta,West,Corporate
10470,Julia Dunbar,Manitoba,Prarie,Consumer
17698,Harry Marie,Ontario,Ontario,Consumer
9126,Nick Crebassa,Saskachewan,Prarie,Corporate
32516,Beth Thompson,Ontario,Ontario,Corporate
12773,Eva Jacobs,Ontario,Ontario,Home Office
39937,Ionia McGrath,New Brunswick,Atlantic,Home Office
14240,Doug Jacobs,Nova Scotia,Atlantic,Home Office
58343,Benjamin Patterson,Yukon,Yukon,Corporate
44352,Jack O'Briant,Saskachewan,Prarie,Home Office
19140,Jack Lebron,Prince Edward Island,Atlantic,Corporate
3687,Philip Fox,Ontario,Ontario,Home Office
50087,Kean Nguyen,Ontario,Ontario,Small Business
49472,Don Jones,Northwest Territories,Northwest Territories,Corporate
19558,Jill Stevenson,Manitoba,Prarie,Consumer
47462,Nathan Mautz,New Brunswick,Atlantic,Home Office
15619,Tom Boeckenhauer,Alberta,West,Corporate
14247,Marc Harrigan,Nova Scotia,Atlantic,Home Office
55683,Karl Brown,Yukon,Yukon,Corporate
32000,Noah Childs,Ontario,Ontario,Home Office
53445,Saphhira Shifley,Saskachewan,Prarie,Corporate
43653,Katherine Ducich,Manitoba,Prarie,Corporate
33060,Katrina Bavinger,Manitoba,Prarie,Consumer
17701,Bruce Degenhardt,Ontario,Ontario,Home Office
38851,Mark Cousins,British Columbia,West,Corporate
40518,Maya Herman,Saskachewan,Prarie,Corporate
39367,Vivian Mathis,Quebec,Quebec,Home Office
5767,Melanie Page,Ontario,Ontario,Corporate
8130,Carlos Daly,Northwest Territories,Northwest Territories,Corporate
1796,Gary Zandusky,Ontario,Ontario,Home Office
8545,Beth Paige,Northwest Territories,Northwest Territories,Consumer
2503,Valerie Mitchum,Quebec,Quebec,Home Office
45155,Nathan Cano,Nova Scotia,Atlantic,Consumer
2052,Michelle Moray,Saskachewan,Prarie,Corporate
38656,Theresa Swint,Quebec,Quebec,Small Business
52130,Vicky Freymann,Nova Scotia,Atlantic,Home Office
21729,Brian Moss,Manitoba,Prarie,Corporate
10661,Jim Karlsson,Alberta,West,Small Business
39301,Pauline Chand,Ontario,Ontario,Small Business
6592,Aleksandra Gannaway,Saskachewan,Prarie,Corporate
50048,Anna Chung,Yukon,Yukon,Home Office
33894,Sarah Brown,Quebec,Quebec,Consumer
57922,Sue Ann Reed,Manitoba,Prarie,Consumer
40964,Joni Blumstein,Ontario,Ontario,Consumer
32902,Nora Pelletier,Manitoba,Prarie,Corporate
46726,Carlos Soltero,Manitoba,Prarie,Small Business
32610,Jay Fine,British Columbia,West,Consumer
11714,Todd Sumrall,Ontario,Ontario,Consumer
10371,Meg O'Connel,Ontario,Ontario,Small Business
11815,Bobby Odegard,Alberta,West,Corporate
23078,Gene Hale,Nova Scotia,Atlantic,Consumer
43653,Bruce Degenhardt,Yukon,Yukon,Home Office
4647,Lena Creighton,Ontario,Ontario,Home Office
37793,Michelle Arnett,British Columbia,West,Home Office
55139,Scot Coram,Ontario,Ontario,Corporate
30433,Dean Percer,New Brunswick,Atlantic,Home Office
13378,Clay Rozendal,Northwest Territories,Northwest Territories,Corporate
39330,Jeremy Pistek,British Columbia,West,Corporate
13313,Tanja Norvell,Manitoba,Prarie,Consumer
28135,Allen Rosenblatt,Northwest Territories,Northwest Territories,Small Business
36992,Damala Kotsonis,Nova Scotia,Atlantic,Corporate
28007,Craig Leslie,Alberta,West,Consumer
17666,Thais Sissman,Manitoba,Prarie,Corporate
33473,Julia Dunbar,Alberta,West,Consumer
197,David Philippe,Nova Scotia,Atlantic,Consumer
2757,Joel Eaton,Saskachewan,Prarie,Home Office
50688,Darren Powers,Ontario,Ontario,Corporate
12711,Grant Carroll,Ontario,Ontario,Small Business
7552,Greg Tran,Quebec,Quebec,Home Office
41671,Nora Price,New Brunswick,Atlantic,Small Business
46048,Rose O'Brian,Ontario,Ontario,Home Office
19524,Sally Matthias,Manitoba,Prarie,Home Office
47909,Dianna Arnett,Quebec,Quebec,Home Office
50882,Brendan Murry,Nova Scotia,Atlantic,Corporate
34721,Michelle Tran,Quebec,Quebec,Corporate
28805,Trudy Bell,Yukon,Yukon,Consumer
6402,Russell D'Ascenzo,Manitoba,Prarie,Consumer
12871,Bryan Spruell,Yukon,Yukon,Home Office
16422,Carol Darley,British Columbia,West,Home Office
52516,Craig Molinari,Manitoba,Prarie,Small Business
48803,Barry Gonzalez,Quebec,Quebec,Consumer
25828,Astrea Jones,Nova Scotia,Atlantic,Corporate
54950,Alex Avila,British Columbia,West,Corporate
31046,Randy Ferguson,Saskachewan,Prarie,Corporate
18595,Catherine Glotzbach,Alberta,West,Home Office
55040,Stewart Visinsky,Quebec,Quebec,Corporate
54595,Bryan Mills,Northwest Territories,Northwest Territories,Small Business
17446,David Smith,Ontario,Ontario,Small Business
43367,Damala Kotsonis,British Columbia,West,Corporate
30369,Kristen Hastings,Saskachewan,Prarie,Corporate
646,Joni Wasserman,Quebec,Quebec,Consumer
4871,Darren Koutras,Alberta,West,Consumer
38950,Sean Miller,Ontario,Ontario,Small Business
53026,Andrew Allen,British Columbia,West,Corporate
13920,Chuck Clark,Alberta,West,Corporate
44960,Roy French,Prince Edward Island,Atlantic,Consumer
19811,Shirley Schmidt,Quebec,Quebec,Corporate
49666,Duane Noonan,British Columbia,West,Corporate
36262,Carl Jackson,Northwest Territories,Northwest Territories,Home Office
11074,Robert Marley,Ontario,Ontario,Corporate
31106,Susan Gilcrest,Saskachewan,Prarie,Home Office
9794,Irene Maddox,Manitoba,Prarie,Consumer
15524,Ryan Crowe,Manitoba,Prarie,Small Business
19425,Vicky Freymann,British Columbia,West,Home Office
24352,Harold Dahlen,Saskachewan,Prarie,Consumer
38370,Justin Knight,British Columbia,West,Corporate
36704,Sharelle Roach,Alberta,West,Home Office
17155,Jill Matthias,Yukon,Yukon,Consumer
30215,Ashley Jarboe,Yukon,Yukon,Home Office
930,Magdelene Morse,Ontario,Ontario,Home Office
11779,Ken Lonsdale,British Columbia,West,Consumer
11236,Craig Leslie,Saskachewan,Prarie,Consumer
39527,John Lucas,Ontario,Ontario,Corporate
21477,Victoria Brennan,Alberta,West,Small Business
6465,Lauren Leatherbury,British Columbia,West,Corporate
53984,Sibella Parks,Alberta,West,Small Business
49190,Carlos Meador,Quebec,Quebec,Corporate
15270,Alyssa Tate,Nova Scotia,Atlantic,Small Business
37825,Steve Carroll,Manitoba,Prarie,Consumer
48710,Jason Klamczynski,Quebec,Quebec,Small Business
30883,Tony Sayre,Alberta,West,Small Business
8388,Dorothy Wardle,Northwest Territories,Northwest Territories,Corporate
50403,Astrea Jones,Quebec,Quebec,Corporate
18757,Mark Cousins,Ontario,Ontario,Corporate
48263,Logan Haushalter,Manitoba,Prarie,Corporate
900,Fred Hopkins,Ontario,Ontario,Home Office
43781,Mitch Gastineau,Alberta,West,Small Business
39238,Sally Matthias,Nova Scotia,Atlantic,Home Office
38530,Victor Price,Manitoba,Prarie,Consumer
20709,Mitch Willingham,Saskachewan,Prarie,Corporate
15751,Dianna Vittorini,Yukon,Yukon,Corporate
21831,Lindsay Williams,Manitoba,Prarie,Corporate
11335,Toby Braunhardt,Northwest Territories,Northwest Territories,Corporate
23232,Corey Catlett,Newfoundland,Atlantic,Home Office
14018,Jas O'Carroll,Ontario,Ontario,Home Office
54882,Alan Barnes,Nunavut,Nunavut,Corporate
38212,Claudia Miner,Northwest Territories,Northwest Territories,Small Business
51652,Art Miller,British Columbia,West,Corporate
34434,Mark Haberlin,Nova Scotia,Atlantic,Small Business
740,Rick Wilson,Ontario,Ontario,Consumer
53762,Henry MacAllister,Ontario,Ontario,Small Business
49123,Charles Sheldon,Nova Scotia,Atlantic,Corporate
30214,Keith Herrera,Newfoundland,Atlantic,Small Business
46305,Sara Luxemburg,Quebec,Quebec,Small Business
27744,Kelly Williams,British Columbia,West,Corporate
15303,Joy Bell,Nunavut,Nunavut,Home Office
22434,Russell Applegate,Ontario,Ontario,Small Business
54656,Dan Campbell,Nova Scotia,Atlantic,Corporate
53730,Pete Takahito,Ontario,Ontario,Corporate
9668,Liz Price,British Columbia,West,Corporate
16519,Giulietta Dortch,Yukon,Yukon,Corporate
24608,Grace Kelly,Ontario,Ontario,Consumer
39906,Arthur Prichep,Ontario,Ontario,Home Office
21414,Fred Harton,British Columbia,West,Home Office
43588,Carlos Meador,Nova Scotia,Atlantic,Corporate
46499,Cathy Hwang,Ontario,Ontario,Home Office
24003,Annie Thurman,Alberta,West,Home Office
20386,Roland Black,Manitoba,Prarie,Small Business
23361,Alex Grayson,Nova Scotia,Atlantic,Consumer
775,Alan Hwang,New Brunswick,Atlantic,Corporate
22787,Kelly Williams,Alberta,West,Corporate
31812,Dean Braden,Ontario,Ontario,Corporate
27909,Bill Shonely,British Columbia,West,Small Business
11776,Ben Ferrer,Ontario,Ontario,Corporate
19207,Karen Bern,Saskachewan,Prarie,Corporate
28294,Emily Grady,Alberta,West,Home Office
43555,Nona Balk,Saskachewan,Prarie,Corporate
35456,Katherine Murray,Nova Scotia,Atlantic,Home Office
21314,Maria Bertelson,Ontario,Ontario,Home Office
47714,Justin Hirsh,Quebec,Quebec,Consumer
35782,Jennifer Patt,British Columbia,West,Home Office
1414,Eric Barreto,Manitoba,Prarie,Small Business
58628,Clytie Kelty,Alberta,West,Small Business
6850,Lela Donovan,British Columbia,West,Corporate
614,Edward Becker,Ontario,Ontario,Corporate
2211,Frank Atkinson,Newfoundland,Atlantic,Corporate
10692,Meg O'Connel,Manitoba,Prarie,Corporate
37606,Pierre Wener,Ontario,Ontario,Home Office
9249,Liz Thompson,Manitoba,Prarie,Corporate
36704,Darrin Sayre,Yukon,Yukon,Consumer
51556,Becky Martin,Quebec,Quebec,Home Office
34400,Rick Duston,Quebec,Quebec,Corporate
50278,Carl Ludwig,Northwest Territories,Northwest Territories,Corporate
26947,Monica Federle,British Columbia,West,Corporate
8961,Caroline Jumper,Quebec,Quebec,Corporate
1191,Nicole Hansen,Northwest Territories,Northwest Territories,Small Business
51558,Ken Black,Manitoba,Prarie,Consumer
58884,Dorris Love,Quebec,Quebec,Home Office
51239,Valerie Dominguez,Manitoba,Prarie,Corporate
56672,Dennis Bolton,British Columbia,West,Consumer
16961,Cari MacIntyre,Alberta,West,Corporate
59459,Tony Sayre,New Brunswick,Atlantic,Home Office
53411,Tracy Blumstein,Saskachewan,Prarie,Home Office
17702,Mark Haberlin,British Columbia,West,Small Business
15781,Gary McGarr,Quebec,Quebec,Home Office
49094,Lori Olson,New Brunswick,Atlantic,Consumer
19521,Brian Thompson,Ontario,Ontario,Home Office
1637,Natalie Webber,Manitoba,Prarie,Corporate
34243,Karen Carlisle,Nova Scotia,Atlantic,Corporate
18816,Bradley Nguyen,Quebec,Quebec,Consumer
54304,Fred McMath,Quebec,Quebec,Small Business
36517,George Zrebassa,British Columbia,West,Home Office
1542,Cindy Schnelling,Saskachewan,Prarie,Corporate
21249,Michael Kennedy,Quebec,Quebec,Corporate
5543,Greg Guthrie,Prince Edward Island,Atlantic,Corporate
57412,Raymond Book,Alberta,West,Consumer
47173,Yana Sorensen,Quebec,Quebec,Corporate
13280,Jeremy Farry,Quebec,Quebec,Small Business
18533,Marc Harrigan,British Columbia,West,Home Office
50754,Robert Barroso,Nova Scotia,Atlantic,Small Business
56931,Susan Vittorini,Northwest Territories,Northwest Territories,Corporate
132,Tony Molinari,Nova Scotia,Atlantic,Corporate
32323,Denny Blanton,Ontario,Ontario,Home Office
9152,Meg Tillman,Saskachewan,Prarie,Small Business
44613,Amy Hunt,Saskachewan,Prarie,Small Business
22469,Brad Thomas,Nova Scotia,Atlantic,Corporate
23329,Carlos Daly,Northwest Territories,Northwest Territories,Home Office
5347,Dennis Bolton,British Columbia,West,Small Business
32,Jessica Myrick,Alberta,West,Small Business
5607,Ralph Kennedy,Nova Scotia,Atlantic,Corporate
14820,Rob Lucas,Yukon,Yukon,Small Business
29473,Carlos Soltero,Manitoba,Prarie,Consumer
8294,Jocasta Rupert,British Columbia,West,Consumer
31173,Chad Sievert,Manitoba,Prarie,Corporate
47012,Doug Bickford,Northwest Territories,Northwest Territories,Corporate
28742,Nick Radford,Manitoba,Prarie,Corporate
7461,Yoseph Carroll,Alberta,West,Consumer
39040,Mike Gockenbach,Manitoba,Prarie,Consumer
57381,Jay Fine,Nova Scotia,Atlantic,Consumer
17632,Bobby Elias,British Columbia,West,Small Business
37891,Nathan Gelder,Ontario,Ontario,Home Office
4645,Skye Norling,Ontario,Ontario,Home Office
10342,Jeremy Lonsdale,Northwest Territories,Northwest Territories,Corporate
27265,Deborah Brumfield,Yukon,Yukon,Small Business
53378,Sam Craven,Saskachewan,Prarie,Home Office
7364,Penelope Sewall,Manitoba,Prarie,Home Office
57734,Lycoris Saunders,Saskachewan,Prarie,Corporate
36065,Joy Bell,Northwest Territories,Northwest Territories,Home Office
21191,Sung Shariari,Saskachewan,Prarie,Corporate
8709,Bart Watters,British Columbia,West,Corporate
33217,Laurel Workman,Alberta,West,Home Office
6850,Amy Cox,Yukon,Yukon,Corporate
6791,Bill Stewart,Ontario,Ontario,Corporate
44992,Nathan Mautz,New Brunswick,Atlantic,Corporate
24544,Michael Oakman,Saskachewan,Prarie,Small Business
14211,Christopher Martinez,British Columbia,West,Home Office
51266,Michael Oakman,Manitoba,Prarie,Small Business
48357,Stephanie Ulpright,Ontario,Ontario,Consumer
36934,Art Foster,Ontario,Ontario,Home Office
14406,Dave Kipp,British Columbia,West,Consumer
26951,Erica Hernandez,Ontario,Ontario,Small Business
59584,Ben Wallace,Quebec,Quebec,Home Office
52743,Duane Huffman,Ontario,Ontario,Small Business
32229,Allen Armold,New Brunswick,Atlantic,Home Office
8834,Mitch Webber,Quebec,Quebec,Corporate
17287,Jasper Cacioppo,Quebec,Quebec,Home Office
19911,Aaron Bergman,Alberta,West,Corporate
27392,Scott Cohen,British Columbia,West,Consumer
19044,Cassandra Brandow,Alberta,West,Home Office
130,Cari Sayre,Alberta,West,Home Office
23619,Cathy Hwang,Newfoundland,Atlantic,Home Office
21763,Phillina Ober,New Brunswick,Atlantic,Small Business
55777,Robert Barroso,Yukon,Yukon,Small Business
59104,Nathan Mautz,British Columbia,West,Corporate
44295,Alan Shonely,Nova Scotia,Atlantic,Small Business
3461,Rick Wilson,Ontario,Ontario,Corporate
46402,Evan Henry,Ontario,Ontario,Corporate
7521,Maria Zettner,Manitoba,Prarie,Corporate
25191,Matt Collister,Saskachewan,Prarie,Home Office
38212,Cynthia Arntzen,Ontario,Ontario,Home Office
28772,Matthew Clasen,Manitoba,Prarie,Consumer
3841,Alex Grayson,Ontario,Ontario,Consumer
31873,Harold Dahlen,Saskachewan,Prarie,Corporate
6241,Roy Collins,Saskachewan,Prarie,Corporate
21249,Natalie DeCherney,Quebec,Quebec,Consumer
8007,Beth Thompson,Nunavut,Nunavut,Corporate
26913,David Bremer,Yukon,Yukon,Corporate
44450,Amy Cox,Ontario,Ontario,Small Business
31718,Bryan Spruell,British Columbia,West,Home Office
22951,Jesus Ocampo,Ontario,Ontario,Small Business
56672,Brian Dahlen,Saskachewan,Prarie,Small Business
48643,Harold Ryan,Ontario,Ontario,Home Office
5511,Corinna Mitchell,Ontario,Ontario,Corporate
46307,Henry Goldwyn,Manitoba,Prarie,Small Business
56550,Patrick O'Donnell,Ontario,Ontario,Home Office
14500,Maribeth Dona,British Columbia,West,Home Office
16967,Liz Carlisle,Saskachewan,Prarie,Corporate
10791,Nora Price,Quebec,Quebec,Home Office
40100,Julia Barnett,Yukon,Yukon,Home Office
35936,Dave Brooks,Ontario,Ontario,Corporate
49505,Michelle Tran,Quebec,Quebec,Consumer
31174,Tom Zandusky,Manitoba,Prarie,Home Office
51814,Naresj Patel,Ontario,Ontario,Small Business
32803,Mark Cousins,British Columbia,West,Home Office
26759,Speros Goranitis,British Columbia,West,Corporate
3232,Eugene Hildebrand,Ontario,Ontario,Home Office
10052,Kelly Lampkin,Ontario,Ontario,Home Office
36448,Neola Schneider,Nunavut,Nunavut,Home Office
44359,Seth Vernon,British Columbia,West,Home Office
54528,Patricia Hirasaki,Ontario,Ontario,Home Office
36864,Adam Bellavance,Alberta,West,Small Business
38087,Dave Poirier,Nova Scotia,Atlantic,Small Business
45959,Phillina Ober,Alberta,West,Small Business
11206,Cathy Prescott,Ontario,Ontario,Corporate
18273,Gene McClure,Manitoba,Prarie,Consumer
51648,Lauren Leatherbury,Alberta,West,Corporate
14336,Aimee Bixby,Ontario,Ontario,Home Office
32389,Nora Paige,British Columbia,West,Small Business
32069,Maribeth Dona,New Brunswick,Atlantic,Home Office
35392,Brendan Sweed,Alberta,West,Consumer
39015,Bradley Talbott,Nova Scotia,Atlantic,Small Business
23586,Rick Duston,Nova Scotia,Atlantic,Corporate
59750,Maureen Gastineau,Yukon,Yukon,Consumer
42465,Roy Skaria,Ontario,Ontario,Corporate
35649,Sarah Jordon,Nova Scotia,Atlantic,Consumer
16805,Richard Eichhorn,Saskachewan,Prarie,Consumer
11108,John Lee,New Brunswick,Atlantic,Corporate
16709,Rick Hansen,Saskachewan,Prarie,Corporate
29252,Randy Ferguson,Saskachewan,Prarie,Home Office
34880,Gary Hansen,Ontario,Ontario,Consumer
24737,Dana Kaydos,Manitoba,Prarie,Corporate
36998,Monica Federle,Northwest Territories,Northwest Territories,Corporate
44391,Michael Dominguez,Ontario,Ontario,Home Office
10629,Meg Tillman,Manitoba,Prarie,Small Business
42528,Ben Peterman,Nova Scotia,Atlantic,Corporate
35686,Benjamin Patterson,Ontario,Ontario,Corporate
46787,Ed Braxton,Yukon,Yukon,Home Office
50849,Adam Bellavance,Ontario,Ontario,Small Business
16612,Tracy Poddar,Ontario,Ontario,Corporate
18946,Lena Radford,Ontario,Ontario,Small Business
56387,Ralph Knight,Nunavut,Nunavut,Consumer
58496,Daniel Byrd,Alberta,West,Home Office
18340,Christina Vanderzanden,Ontario,Ontario,Small Business
57280,Carl Jackson,Nunavut,Nunavut,Corporate
22916,Dionis Lloyd,Quebec,Quebec,Small Business
322,Ann Chong,Nunavut,Nunavut,Corporate
59492,Cyma Kinney,Alberta,West,Small Business
36416,Darrin Martin,Ontario,Ontario,Small Business
32965,Aleksandra Gannaway,Yukon,Yukon,Home Office
42274,Cynthia Delaney,Manitoba,Prarie,Corporate
54370,Tom Prescott,Quebec,Quebec,Small Business
21796,Frank Atkinson,Nova Scotia,Atlantic,Corporate
17414,Beth Thompson,Northwest Territories,Northwest Territories,Corporate
35299,Clay Ludtke,Quebec,Quebec,Consumer
35590,Michael Grace,Saskachewan,Prarie,Corporate
40101,Chuck Magee,Prince Edward Island,Atlantic,Corporate
47009,Mike Kennedy,Nova Scotia,Atlantic,Corporate
7623,Ralph Arnett,Quebec,Quebec,Consumer
59777,Jack O'Briant,Saskachewan,Prarie,Consumer
26277,Laura Armstrong,Ontario,Ontario,Small Business
49409,Erica Hernandez,Nova Scotia,Atlantic,Small Business
37252,Julia Barnett,British Columbia,West,Corporate
9088,Steve Carroll,Nova Scotia,Atlantic,Consumer
20455,Ross Baird,Manitoba,Prarie,Corporate
41539,Art Ferguson,Manitoba,Prarie,Corporate
19617,Bobby Odegard,Ontario,Ontario,Corporate
20964,Katrina Willman,Nova Scotia,Atlantic,Consumer
27138,Bobby Elias,Yukon,Yukon,Small Business
37313,Philip Fox,Saskachewan,Prarie,Home Office
23555,Bill Tyler,Nova Scotia,Atlantic,Consumer
59072,Dave Poirier,British Columbia,West,Small Business
16289,Helen Andreada,British Columbia,West,Corporate
34597,Nora Price,New Brunswick,Atlantic,Home Office
41888,David Wiener,Nova Scotia,Atlantic,Consumer
548,Thomas Seio,Northwest Territories,Northwest Territories,Home Office
16194,Chris Cortes,Ontario,Ontario,Consumer
15399,Kristen Hastings,Ontario,Ontario,Corporate
42753,Muhammed MacIntyre,Northwest Territories,Northwest Territories,Small Business
11686,Chuck Sachs,Nova Scotia,Atlantic,Consumer
42309,Edward Hooks,Prince Edward Island,Atlantic,Consumer
36262,Liz MacKendrick,Ontario,Ontario,Corporate
16642,Christine Abelman,Alberta,West,Corporate
10695,Mike Pelletier,Alberta,West,Corporate
16993,Fred McMath,Ontario,Ontario,Small Business
28963,Cynthia Arntzen,Saskachewan,Prarie,Small Business
15491,Don Miller,Northwest Territories,Northwest Territories,Home Office
19174,Duane Noonan,Yukon,Yukon,Corporate
40833,Herbert Flentye,Ontario,Ontario,Small Business
36803,Brian Derr,Manitoba,Prarie,Small Business
7169,Susan MacKendrick,Manitoba,Prarie,Corporate
9024,Helen Abelman,Prince Edward Island,Atlantic,Home Office
45728,Brian Derr,Nova Scotia,Atlantic,Small Business
28769,Joni Blumstein,Ontario,Ontario,Home Office
14210,Aaron Smayling,Quebec,Quebec,Small Business
31170,Neil Knudson,Saskachewan,Prarie,Home Office
19655,Frank Hawley,Alberta,West,Home Office
22368,Chuck Clark,Nova Scotia,Atlantic,Corporate
45957,Michelle Huthwaite,Quebec,Quebec,Home Office
28582,Lindsay Castell,Saskachewan,Prarie,Small Business
45317,Susan Pistek,Saskachewan,Prarie,Home Office
44962,Laurel Elliston,New Brunswick,Atlantic,Home Office
8998,Muhammed Yedwab,New Brunswick,Atlantic,Consumer
20966,Dave Hallsten,Ontario,Ontario,Home Office
30657,Brian DeCherney,Alberta,West,Corporate
20102,John Castell,British Columbia,West,Consumer
36640,Henry Goldwyn,Prince Edward Island,Atlantic,Small Business
21510,Tanja Norvell,Manitoba,Prarie,Corporate
30913,Alex Russell,Alberta,West,Home Office
31552,Max Ludwig,Saskachewan,Prarie,Corporate
12837,Patrick O'Brill,British Columbia,West,Home Office
11843,Sung Chung,Saskachewan,Prarie,Home Office
65,Justin Ellison,Saskachewan,Prarie,Home Office
27266,Eric Barreto,Quebec,Quebec,Consumer
38498,Sanjit Jacobs,Quebec,Quebec,Consumer
31302,Lycoris Saunders,Saskachewan,Prarie,Home Office
44387,Brad Eason,Northwest Territories,Northwest Territories,Small Business
40998,James Galang,New Brunswick,Atlantic,Consumer
26372,Shaun Chance,Alberta,West,Corporate
3522,Lena Creighton,Ontario,Ontario,Corporate
57378,Rachel Payne,Manitoba,Prarie,Consumer
8131,Nora Pelletier,Manitoba,Prarie,Home Office
45408,Jeremy Lonsdale,Saskachewan,Prarie,Corporate
24705,Andrew Gjertsen,Prince Edward Island,Atlantic,Consumer
35110,Victoria Pisteka,Yukon,Yukon,Corporate
15329,Phillip Flathmann,Quebec,Quebec,Small Business
13892,Ann Blume,Nova Scotia,Atlantic,Small Business
39365,Matt Collister,Quebec,Quebec,Home Office
41378,Brendan Murry,Yukon,Yukon,Corporate
31552,Aaron Bergman,Nunavut,Nunavut,Corporate
19936,Gary Mitchum,Ontario,Ontario,Consumer
43940,Muhammed Lee,Yukon,Yukon,Consumer
14048,Bryan Davis,Northwest Territories,Northwest Territories,Corporate
10498,Bruce Stewart,Manitoba,Prarie,Corporate
4324,Mike Pelletier,Northwest Territories,Northwest Territories,Corporate
44256,Sally Knutson,British Columbia,West,Corporate
10820,Neola Schneider,Northwest Territories,Northwest Territories,Home Office
8070,Alejandro Savely,British Columbia,West,Corporate
11650,Nicole Brennan,Manitoba,Prarie,Consumer
10310,Max Engle,Quebec,Quebec,Corporate
36416,Thea Hendricks,Quebec,Quebec,Home Office
9824,Giulietta Dortch,Yukon,Yukon,Consumer
22149,Dennis Kane,Quebec,Quebec,Small Business
16452,Lisa DeCherney,British Columbia,West,Corporate
52320,Brenda Bowman,Saskachewan,Prarie,Small Business
43207,Tim Brockman,Alberta,West,Consumer
16770,Dan Campbell,Quebec,Quebec,Small Business
55398,Pierre Wener,Quebec,Quebec,Home Office
25350,Neil Knudson,British Columbia,West,Corporate
44738,Amy Cox,Ontario,Ontario,Corporate
21444,Arthur Gainer,Alberta,West,Consumer
17862,Russell Applegate,Manitoba,Prarie,Small Business
27841,Gene Hale,British Columbia,West,Consumer
27300,Stuart Van,Quebec,Quebec,Consumer
32869,Christina DeMoss,British Columbia,West,Home Office
3653,George Zrebassa,Quebec,Quebec,Home Office
19232,Craig Yedwab,Yukon,Yukon,Consumer
40708,Bobby Trafton,Quebec,Quebec,Corporate
18853,Cari Sayre,Alberta,West,Corporate
25154,Dennis Pardue,Saskachewan,Prarie,Corporate
24326,Quincy Jones,Alberta,West,Corporate
27106,Christine Kargatis,Ontario,Ontario,Small Business
55392,Valerie Takahito,Alberta,West,Consumer
20513,Thomas Thornton,Yukon,Yukon,Consumer
35430,Hunter Lopez,British Columbia,West,Consumer
20832,Corey Catlett,Nova Scotia,Atlantic,Home Office
47460,Darren Koutras,Nova Scotia,Atlantic,Consumer
49986,Matt Abelman,Nova Scotia,Atlantic,Home Office
25315,Grant Carroll,Prince Edward Island,Atlantic,Small Business
1702,Rob Haberlin,Ontario,Ontario,Corporate
7488,Darrin Sayre,Nova Scotia,Atlantic,Consumer
29219,Jill Matthias,British Columbia,West,Consumer
44775,Eric Barreto,British Columbia,West,Small Business
12934,Neil Knudson,Saskachewan,Prarie,Corporate
39078,Mike Caudle,Ontario,Ontario,Corporate
57378,Brian Thompson,Quebec,Quebec,Home Office
32164,Sara Luxemburg,Nova Scotia,Atlantic,Corporate
52839,Liz Willingham,Quebec,Quebec,Home Office
45409,Matt Abelman,British Columbia,West,Home Office
8195,Marc Crier,Manitoba,Prarie,Corporate
48548,Sara Luxemburg,Nova Scotia,Atlantic,Small Business
11271,Craig Molinari,Saskachewan,Prarie,Small Business
46368,Jenna Caffey,Alberta,West,Consumer
22434,Deborah Brumfield,British Columbia,West,Small Business
15718,Theresa Swint,Quebec,Quebec,Consumer
40006,Duane Huffman,Ontario,Ontario,Consumer
48642,Annie Cyprus,Nunavut,Nunavut,Home Office
4739,Liz Price,Nova Scotia,Atlantic,Consumer
42375,Erin Mull,New Brunswick,Atlantic,Corporate
48322,Cindy Chapman,Yukon,Yukon,Corporate
38532,Carlos Soltero,Nunavut,Nunavut,Consumer
31715,Stewart Visinsky,Manitoba,Prarie,Corporate
57856,Michael Granlund,Nova Scotia,Atlantic,Home Office
42086,Denny Joy,Manitoba,Prarie,Corporate
42529,Rob Beeghly,Saskachewan,Prarie,Consumer
46916,Paul MacIntyre,Ontario,Ontario,Corporate
37792,Nancy Lomonaco,Ontario,Ontario,Home Office
9281,Eugene Barchas,Nunavut,Nunavut,Corporate
66,Dave Hallsten,Ontario,Ontario,Corporate
18336,Dan Campbell,Yukon,Yukon,Corporate
26758,Cindy Chapman,Yukon,Yukon,Consumer
55554,Carlos Meador,Yukon,Yukon,Corporate
3078,Mike Kennedy,Manitoba,Prarie,Corporate
36099,Joseph Airdo,Manitoba,Prarie,Corporate
38050,Patrick Bzostek,British Columbia,West,Consumer
38337,Jas O'Carroll,Ontario,Ontario,Corporate
24646,Arthur Gainer,Manitoba,Prarie,Corporate
16519,Philip Brown,Prince Edward Island,Atlantic,Corporate
59171,Keith Herrera,Nova Scotia,Atlantic,Small Business
48164,Eudokia Martin,Ontario,Ontario,Home Office
29218,Fred Wasserman,Ontario,Ontario,Home Office
17061,Andy Yotov,Alberta,West,Corporate
16935,Mark Packer,British Columbia,West,Small Business
23488,Julia Barnett,British Columbia,West,Home Office
49216,Max Jones,Ontario,Ontario,Home Office
20838,Hunter Glantz,Northwest Territories,Northwest Territories,Corporate
34311,Matthew Clasen,Ontario,Ontario,Consumer
15904,Nicole Brennan,British Columbia,West,Home Office
12580,Christopher Martinez,British Columbia,West,Small Business
37606,Karl Brown,Nova Scotia,Atlantic,Home Office
22117,Tamara Willingham,British Columbia,West,Corporate
12773,Carol Adams,Quebec,Quebec,Corporate
44516,Dianna Arnett,Nova Scotia,Atlantic,Home Office
59108,Stefania Perrino,Quebec,Quebec,Corporate
17636,Debra Catini,British Columbia,West,Small Business
37441,Shaun Weien,Manitoba,Prarie,Home Office
8353,Steve Chapman,Manitoba,Prarie,Corporate
3553,Damala Kotsonis,Newfoundland,Atlantic,Corporate
21538,Darrin Sayre,Quebec,Quebec,Consumer
52193,Tony Sayre,Alberta,West,Home Office
20517,Raymond Fair,Nova Scotia,Atlantic,Small Business
21890,Alejandro Grove,Ontario,Ontario,Corporate
51650,Roger Demir,Alberta,West,Consumer
6788,Mike Vittorini,British Columbia,West,Small Business
35077,Grant Thornton,British Columbia,West,Corporate
45984,Claire Good,Alberta,West,Home Office
13380,Kean Thornton,Yukon,Yukon,Corporate
36867,Barry Weirich,British Columbia,West,Corporate
55648,Denise Leinenbach,Ontario,Ontario,Home Office
49925,Michael Paige,Newfoundland,Atlantic,Small Business
5061,Roland Black,Nova Scotia,Atlantic,Small Business
24740,Chad McGuire,Quebec,Quebec,Small Business
38787,Michael Paige,Quebec,Quebec,Small Business
3685,John Lee,Manitoba,Prarie,Corporate
33670,Bart Watters,Manitoba,Prarie,Corporate
43874,Pauline Webber,Saskachewan,Prarie,Consumer
11044,Giulietta Weimer,British Columbia,West,Corporate
36038,Craig Carroll,Ontario,Ontario,Corporate
48772,Giulietta Dortch,British Columbia,West,Small Business
36737,Tony Molinari,British Columbia,West,Corporate
44871,Ken Lonsdale,Ontario,Ontario,Consumer
48257,Barry Franz,Nova Scotia,Atlantic,Corporate
33218,Eva Jacobs,British Columbia,West,Home Office
44519,Patrick Gardner,New Brunswick,Atlantic,Consumer
1888,Vivek Gonzalez,Quebec,Quebec,Consumer
10978,Christine Sundaresam,Manitoba,Prarie,Small Business
46244,Bobby Trafton,British Columbia,West,Small Business
48452,William Brown,Saskachewan,Prarie,Home Office
21605,Peter McVee,Quebec,Quebec,Small Business
33222,Maurice Satty,Manitoba,Prarie,Corporate
50950,Paul Van Hugh,British Columbia,West,Consumer
46469,Theresa Coyne,Ontario,Ontario,Home Office
14274,Charles McCrossin,Northwest Territories,Northwest Territories,Corporate
7968,Chad Sievert,Nova Scotia,Atlantic,Corporate
47844,Karen Carlisle,Nova Scotia,Atlantic,Home Office
4583,Tracy Poddar,Quebec,Quebec,Corporate
11943,Rachel Payne,Manitoba,Prarie,Home Office
50567,Ivan Liston,British Columbia,West,Consumer
49153,Pete Kriz,Yukon,Yukon,Corporate
38084,Tamara Manning,Alberta,West,Corporate
16032,Alan Hwang,Ontario,Ontario,Small Business
12900,Quincy Jones,Yukon,Yukon,Home Office
1604,Sean Christensen,Ontario,Ontario,Home Office
8834,Jennifer Patt,Ontario,Ontario,Home Office
229,Peter McVee,Nova Scotia,Atlantic,Small Business
48071,Lindsay Castell,Saskachewan,Prarie,Corporate
59812,Philip Brown,Ontario,Ontario,Corporate
35687,Carol Darley,British Columbia,West,Small Business
35492,Dave Hallsten,Quebec,Quebec,Corporate
5382,Frank Atkinson,Quebec,Quebec,Corporate
20422,Bruce Money,Alberta,West,Corporate
25889,Karl Brown,Quebec,Quebec,Home Office
59233,Greg Guthrie,Manitoba,Prarie,Corporate
31204,Christine Sundaresam,Ontario,Ontario,Small Business
59559,Sally Matthias,British Columbia,West,Home Office
9091,Heather Jas,British Columbia,West,Corporate
3586,Barry Weirich,Nova Scotia,Atlantic,Corporate
33826,Tom Stivers,Quebec,Quebec,Small Business
5568,Shirley Schmidt,Ontario,Ontario,Corporate
17539,Giulietta Baptist,Prince Edward Island,Atlantic,Home Office
614,Karen Daniels,Ontario,Ontario,Consumer
32611,Robert Dilbeck,Saskachewan,Prarie,Corporate
55234,Filia McAdams,Ontario,Ontario,Small Business
45381,Laurel Elliston,Quebec,Quebec,Corporate
51200,Mary Zewe,Ontario,Ontario,Corporate
26912,Eva Jacobs,Saskachewan,Prarie,Home Office
3202,Eric Barreto,Yukon,Yukon,Consumer
358,Larry Hughes,Ontario,Ontario,Home Office
15907,Grant Thornton,Yukon,Yukon,Corporate
14695,Sally Knutson,Nova Scotia,Atlantic,Consumer
15712,Anna Andreadi,British Columbia,West,Small Business
53797,Cyra Reiten,British Columbia,West,Consumer
12706,Hallie Redmond,Manitoba,Prarie,Home Office
21442,Maureen Gastineau,Nova Scotia,Atlantic,Consumer
14819,Guy Thornton,Ontario,Ontario,Corporate
24961,Mark Packer,Nova Scotia,Atlantic,Small Business
10630,Anthony O'Donnell,British Columbia,West,Consumer
15014,Natalie Webber,British Columbia,West,Consumer
7936,Troy Blackwell,Manitoba,Prarie,Home Office
58308,Larry Tron,Alberta,West,Corporate
35588,Ken Lonsdale,Alberta,West,Consumer
39139,Christopher Schild,Manitoba,Prarie,Corporate
38406,Daniel Byrd,British Columbia,West,Home Office
56515,Evan Minnotte,Prince Edward Island,Atlantic,Corporate
56577,Justin Deggeller,Saskachewan,Prarie,Corporate
15941,Kelly Lampkin,Ontario,Ontario,Corporate
52068,Scott Cohen,Ontario,Ontario,Consumer
18500,Sarah Foster,British Columbia,West,Corporate
27750,Bradley Drucker,British Columbia,West,Small Business
12902,Chuck Sachs,Quebec,Quebec,Consumer
39140,Jessica Myrick,Ontario,Ontario,Small Business
34658,Allen Armold,Yukon,Yukon,Home Office
45668,David Flashing,Newfoundland,Atlantic,Home Office
25028,Jeremy Lonsdale,Quebec,Quebec,Corporate
7878,Katherine Nockton,Ontario,Ontario,Corporate
12480,Grant Carroll,Northwest Territories,Northwest Territories,Small Business
43138,Becky Castell,Northwest Territories,Northwest Territories,Consumer
39846,Emily Phan,Quebec,Quebec,Consumer
56582,Steven Cartwright,Manitoba,Prarie,Home Office
8545,Jack Lebron,Northwest Territories,Northwest Territories,Corporate
3492,Maris LaWare,Yukon,Yukon,Home Office
16230,Liz Pelletier,Alberta,West,Corporate
12451,Michelle Lonsdale,Nunavut,Nunavut,Home Office
132,Gary Hwang,Manitoba,Prarie,Home Office
27969,Michael Oakman,Quebec,Quebec,Small Business
32998,Dean Katz,Yukon,Yukon,Home Office
14086,Sally Knutson,British Columbia,West,Small Business
4134,Karen Ferguson,Quebec,Quebec,Corporate
48288,Keith Herrera,Quebec,Quebec,Corporate
1285,Theone Pippenger,Manitoba,Prarie,Corporate
35554,Nora Paige,Nova Scotia,Atlantic,Consumer
54055,Gene McClure,Ontario,Ontario,Consumer
640,Tracy Zic,Manitoba,Prarie,Consumer
6720,Peter Fuller,Saskachewan,Prarie,Corporate
52194,Andrew Roberts,Alberta,West,Home Office
58658,Laura Armstrong,Ontario,Ontario,Corporate
24193,Cari Sayre,Ontario,Ontario,Home Office
41606,Sally Knutson,British Columbia,West,Home Office
26306,Tracy Collins,Manitoba,Prarie,Consumer
7489,Vivian Mathis,Quebec,Quebec,Consumer
30532,Steven Roelle,Ontario,Ontario,Small Business
42081,Erin Mull,New Brunswick,Atlantic,Small Business
11975,Michael Moore,Manitoba,Prarie,Corporate
52673,Mick Brown,Yukon,Yukon,Consumer
53600,Bradley Nguyen,Quebec,Quebec,Corporate
1059,Brendan Dodson,Northwest Territories,Northwest Territories,Corporate
19042,Vivian Mathis,Quebec,Quebec,Corporate
50850,Kean Takahito,Saskachewan,Prarie,Home Office
29120,Brooke Gillingham,Alberta,West,Small Business
43296,Jamie Kunitz,Northwest Territories,Northwest Territories,Corporate
26657,Brian Stugart,Nova Scotia,Atlantic,Consumer
39972,Jay Kimmel,Ontario,Ontario,Small Business
50337,Peter Buhler,Yukon,Yukon,Consumer
1829,Philip Brown,Ontario,Ontario,Home Office
3012,Julia West,Nunavut,Nunavut,Corporate
28544,Jamie Frazer,Manitoba,Prarie,Small Business
8000,Joy Smith,Manitoba,Prarie,Corporate
52199,Lauren Leatherbury,Alberta,West,Home Office
57537,Liz Willingham,Quebec,Quebec,Corporate
19140,Mark Van Huff,Saskachewan,Prarie,Home Office
4487,Sanjit Jacobs,British Columbia,West,Consumer
46948,Philip Brown,Prince Edward Island,Atlantic,Home Office
57475,Giulietta Weimer,Nova Scotia,Atlantic,Corporate
258,Ricardo Emerson,British Columbia,West,Corporate
27169,Theresa Swint,Manitoba,Prarie,Consumer
12199,Edward Hooks,Northwest Territories,Northwest Territories,Consumer
57058,Trudy Schmidt,British Columbia,West,Small Business
41189,Michael Oakman,Nova Scotia,Atlantic,Small Business
33699,George Zrebassa,Nova Scotia,Atlantic,Home Office
47524,Bill Shonely,Yukon,Yukon,Small Business
18112,Ken Heidel,British Columbia,West,Corporate
18464,Maria Bertelson,Manitoba,Prarie,Home Office
17315,Suzanne McNair,Saskachewan,Prarie,Corporate
36934,Maureen Gastineau,Newfoundland,Atlantic,Consumer
28741,Rob Williams,Yukon,Yukon,Home Office
7367,Brad Thomas,British Columbia,West,Home Office
50500,Janet Martin,Ontario,Ontario,Corporate
24672,Matt Hagelstein,Ontario,Ontario,Home Office
9024,Elizabeth Moffitt,British Columbia,West,Consumer
45860,Jason Klamczynski,Quebec,Quebec,Home Office
48773,Eric Barreto,British Columbia,West,Consumer
33857,John Dryer,Saskachewan,Prarie,Corporate
58725,Roland Murray,Alberta,West,Home Office
16834,Alan Schoenberger,Yukon,Yukon,Corporate
15907,Katherine Hughes,New Brunswick,Atlantic,Consumer
25155,Frank Merwin,Alberta,West,Corporate
22882,Cynthia Voltz,Yukon,Yukon,Corporate
45958,Ralph Arnett,Northwest Territories,Northwest Territories,Consumer
54912,Denise Leinenbach,Quebec,Quebec,Home Office
1314,Rick Duston,Newfoundland,Atlantic,Corporate
33894,Robert Waldorf,Ontario,Ontario,Home Office
13090,Annie Thurman,Ontario,Ontario,Home Office
47270,Karl Brown,Ontario,Ontario,Corporate
21125,Muhammed Lee,Yukon,Yukon,Corporate
20486,Michael Stewart,British Columbia,West,Small Business
12037,Arthur Gainer,Manitoba,Prarie,Consumer
51553,Emily Phan,New Brunswick,Atlantic,Consumer
31878,Giulietta Dortch,Nova Scotia,Atlantic,Consumer
4931,Justin Deggeller,New Brunswick,Atlantic,Corporate
47461,Janet Molinari,Ontario,Ontario,Corporate
23202,David Philippe,Ontario,Ontario,Consumer
24162,Harold Engle,Prince Edward Island,Atlantic,Consumer
5510,Philisse Overcash,Nova Scotia,Atlantic,Small Business
45158,Adrian Hane,Nunavut,Nunavut,Corporate
38372,Hallie Redmond,Ontario,Ontario,Small Business
21894,Ken Dana,Alberta,West,Small Business
40098,Sarah Brown,Saskachewan,Prarie,Consumer
17313,Sean Wendt,British Columbia,West,Corporate
6434,Nicole Hansen,Northwest Territories,Northwest Territories,Corporate
54913,Tamara Willingham,British Columbia,West,Home Office
27746,Khloe Miller,British Columbia,West,Home Office
13444,Joe Kamberova,Ontario,Ontario,Small Business
30599,Kristen Hastings,Ontario,Ontario,Small Business
53120,Sally Matthias,Nova Scotia,Atlantic,Corporate
2209,Suzanne McNair,Saskachewan,Prarie,Small Business
47011,Anthony Witt,Ontario,Ontario,Corporate
55746,Sonia Cooley,Alberta,West,Corporate
14535,Christopher Conant,Alberta,West,Consumer
26791,Greg Guthrie,Manitoba,Prarie,Small Business
5697,Tonja Turnell,Alberta,West,Consumer
33731,Brenda Bowman,Quebec,Quebec,Home Office
33797,Benjamin Venier,Yukon,Yukon,Small Business
9222,Speros Goranitis,Yukon,Yukon,Corporate
37859,Lisa DeCherney,Ontario,Ontario,Corporate
59553,Rick Bensley,Manitoba,Prarie,Consumer
41123,Harold Engle,Manitoba,Prarie,Home Office
28262,David Kendrick,Yukon,Yukon,Home Office
13795,Debra Catini,Nova Scotia,Atlantic,Small Business
49349,Muhammed Yedwab,Newfoundland,Atlantic,Consumer
13953,Lycoris Saunders,Ontario,Ontario,Corporate
30532,Dean Katz,British Columbia,West,Home Office
25442,Darren Budd,Yukon,Yukon,Home Office
17414,Stefanie Holloman,Manitoba,Prarie,Small Business
48929,Deanra Eno,Quebec,Quebec,Corporate
5765,Peter Fuller,Saskachewan,Prarie,Consumer
42528,Astrea Jones,Newfoundland,Atlantic,Corporate
7680,Michelle Ellison,Ontario,Ontario,Consumer
39232,Christina Anderson,Saskachewan,Prarie,Corporate
6086,Mary Zewe,Manitoba,Prarie,Corporate
29536,Dan Campbell,British Columbia,West,Small Business
22407,Grant Donatelli,Ontario,Ontario,Consumer
49283,Tanja Norvell,Nova Scotia,Atlantic,Consumer
32099,Ivan Liston,Nova Scotia,Atlantic,Consumer
5703,Bobby Trafton,Newfoundland,Atlantic,Small Business
41569,Ricardo Block,Yukon,Yukon,Corporate
46115,John Castell,Nova Scotia,Atlantic,Consumer
59971,Grant Carroll,Northwest Territories,Northwest Territories,Corporate
3554,Mick Brown,Alberta,West,Consumer
4676,Roy Skaria,Northwest Territories,Northwest Territories,Corporate
51969,Harold Pawlan,Alberta,West,Small Business
31777,Astrea Jones,Yukon,Yukon,Corporate
25569,Dave Kipp,Yukon,Yukon,Corporate
32640,Vivek Sundaresam,Quebec,Quebec,Home Office
22562,Corey Roper,Newfoundland,Atlantic,Small Business
37541,Matt Connell,Ontario,Ontario,Corporate
12710,Elizabeth Moffitt,Quebec,Quebec,Consumer
58086,Joy Smith,British Columbia,West,Consumer
59776,Jack Lebron,British Columbia,West,Corporate
45120,Mick Crebagga,Manitoba,Prarie,Home Office
19840,Juliana Krohn,British Columbia,West,Small Business
33122,Brian Stugart,Yukon,Yukon,Corporate
37410,Barry Pond,Yukon,Yukon,Consumer
30023,Karen Carlisle,British Columbia,West,Corporate
50083,Juliana Krohn,Yukon,Yukon,Corporate
29411,Tony Chapman,British Columbia,West,Consumer
42436,Cyra Reiten,Yukon,Yukon,Consumer
59591,Frank Carlisle,Ontario,Ontario,Small Business
11907,Charlotte Melton,Northwest Territories,Northwest Territories,Home Office
36676,Lindsay Castell,Alberta,West,Small Business
43104,Frank Hawley,Ontario,Ontario,Home Office
8325,Ken Lonsdale,New Brunswick,Atlantic,Consumer
834,Shui Tom,Alberta,West,Home Office
23238,Nora Paige,Newfoundland,Atlantic,Small Business
769,Adam Shillingsburg,Alberta,West,Corporate
25095,Harry Marie,Manitoba,Prarie,Consumer
39745,Cynthia Arntzen,Saskachewan,Prarie,Home Office
51970,Ivan Gibson,Ontario,Ontario,Corporate
59909,Filia McAdams,Prince Edward Island,Atlantic,Small Business
40802,Philisse Overcash,British Columbia,West,Small Business
24294,Becky Martin,Ontario,Ontario,Home Office
16133,Lycoris Saunders,Ontario,Ontario,Home Office
14338,Giulietta Dortch,Yukon,Yukon,Small Business
23584,Dean Percer,New Brunswick,Atlantic,Consumer
13923,Patrick Bzostek,Ontario,Ontario,Consumer
23812,Dario Medina,Yukon,Yukon,Small Business
16612,Roy Skaria,Manitoba,Prarie,Corporate
10949,Julie Prescott,Ontario,Ontario,Home Office
56834,Giulietta Dortch,Quebec,Quebec,Consumer
41831,Brian Stugart,Yukon,Yukon,Consumer
34723,Carl Ludwig,Nunavut,Nunavut,Corporate
6116,Paul Knutson,Nova Scotia,Atlantic,Corporate
55716,Susan Vittorini,Northwest Territories,Northwest Territories,Home Office
13313,Rick Hansen,Saskachewan,Prarie,Home Office
39235,Quincy Jones,Yukon,Yukon,Corporate
13767,Robert Barroso,Quebec,Quebec,Small Business
46023,Joe Elijah,Manitoba,Prarie,Home Office
28453,Maureen Gastineau,British Columbia,West,Consumer
10052,Tom Prescott,Alberta,West,Small Business
31174,Maribeth Schnelling,Manitoba,Prarie,Corporate
25315,Harold Dahlen,Nova Scotia,Atlantic,Corporate
37505,Nicole Hansen,Nunavut,Nunavut,Small Business
43043,Barry Weirich,Yukon,Yukon,Corporate
23844,Katrina Willman,New Brunswick,Atlantic,Consumer
515,Bradley Drucker,Yukon,Yukon,Small Business
6912,Daniel Lacy,Alberta,West,Small Business
7077,Eugene Barchas,Northwest Territories,Northwest Territories,Corporate
45476,Jim Sink,Prince Edward Island,Atlantic,Corporate
868,Paul Stevenson,Saskachewan,Prarie,Corporate
33797,Katherine Nockton,Ontario,Ontario,Home Office
19234,Ivan Liston,Yukon,Yukon,Consumer
21286,Katherine Nockton,Quebec,Quebec,Home Office
1218,Katrina Willman,Quebec,Quebec,Consumer
23333,Erica Bern,Prince Edward Island,Atlantic,Small Business
56101,Denise Leinenbach,Nova Scotia,Atlantic,Corporate
56166,Dan Campbell,British Columbia,West,Corporate
17952,Eleni McCrary,Nova Scotia,Atlantic,Home Office
25062,Bill Overfelt,Ontario,Ontario,Corporate
18432,Christy Brittain,Nova Scotia,Atlantic,Consumer
19649,Hallie Redmond,Ontario,Ontario,Home Office
43875,Jennifer Patt,Nova Scotia,Atlantic,Home Office
8035,Grant Carroll,Nunavut,Nunavut,Small Business
43620,Eugene Moren,Saskachewan,Prarie,Home Office
40258,Jennifer Braxton,Manitoba,Prarie,Small Business
53410,Berenike Kampe,British Columbia,West,Corporate
2368,David Kendrick,Quebec,Quebec,Home Office
57986,Mary O'Rourke,Manitoba,Prarie,Home Office
59271,Deanra Eno,Ontario,Ontario,Corporate
4578,Debra Catini,Quebec,Quebec,Small Business
36709,Chris Cortes,Nova Scotia,Atlantic,Consumer
5317,Steven Roelle,Alberta,West,Small Business
13479,Maria Bertelson,Ontario,Ontario,Corporate
5347,Thomas Thornton,British Columbia,West,Consumer
26531,Paul Van Hugh,Yukon,Yukon,Corporate
6754,Eric Hoffmann,Manitoba,Prarie,Small Business
31586,Andrew Gjertsen,Nunavut,Nunavut,Consumer
26912,Jack Garza,Manitoba,Prarie,Corporate
2497,Eleni McCrary,Newfoundland,Atlantic,Corporate
33570,Yana Sorensen,Yukon,Yukon,Corporate
24231,Bobby Elias,Nova Scotia,Atlantic,Small Business
11332,Shirley Jackson,Nova Scotia,Atlantic,Corporate
12515,Khloe Miller,British Columbia,West,Consumer
10054,Joel Jenkins,Ontario,Ontario,Corporate
4896,Bruce Stewart,New Brunswick,Atlantic,Corporate
16036,Deborah Brumfield,Manitoba,Prarie,Small Business
322,Brad Thomas,British Columbia,West,Corporate
26979,Liz MacKendrick,New Brunswick,Atlantic,Corporate
42242,Lena Cacioppo,Quebec,Quebec,Home Office
33888,Dave Poirier,Quebec,Quebec,Small Business
2208,Mick Hernandez,Ontario,Ontario,Home Office
42918,Julia West,Northwest Territories,Northwest Territories,Home Office
41409,Jason Fortune,Ontario,Ontario,Corporate
9574,Anna Haberlin,Ontario,Ontario,Corporate
40098,Michelle Huthwaite,Ontario,Ontario,Home Office
49442,Christy Brittain,Newfoundland,Atlantic,Consumer
5635,Aaron Hawkins,Quebec,Quebec,Home Office
49889,Clytie Kelty,Ontario,Ontario,Small Business
55909,Ed Braxton,Yukon,Yukon,Consumer
7744,Matt Abelman,British Columbia,West,Small Business
12580,Christine Abelman,New Brunswick,Atlantic,Corporate
43200,Bart Folk,Yukon,Yukon,Corporate
28836,Shirley Jackson,Quebec,Quebec,Corporate
31072,Brendan Sweed,New Brunswick,Atlantic,Consumer
45698,Darren Budd,Yukon,Yukon,Consumer
52290,Logan Currie,Manitoba,Prarie,Small Business
33350,Bobby Trafton,Nova Scotia,Atlantic,Corporate
33184,Nora Price,Quebec,Quebec,Small Business
26469,Hallie Redmond,Manitoba,Prarie,Small Business
9088,John Castell,British Columbia,West,Small Business
47617,Tim Taslimi,Yukon,Yukon,Corporate
22912,Michael Granlund,Nova Scotia,Atlantic,Corporate
18688,Sarah Jordon,British Columbia,West,Consumer
29351,Christy Brittain,Yukon,Yukon,Consumer
50721,Corey Lock,Quebec,Quebec,Home Office
11396,Daniel Lacy,British Columbia,West,Small Business
3014,Roland Murray,Manitoba,Prarie,Home Office
25824,Scot Wooten,Manitoba,Prarie,Corporate
23041,Barry Pond,British Columbia,West,Consumer
52896,Sara Luxemburg,Yukon,Yukon,Small Business
44099,Lisa DeCherney,Ontario,Ontario,Consumer
29220,Michelle Ellison,Ontario,Ontario,Small Business
29350,Andrew Roberts,Ontario,Ontario,Small Business
58720,Michael Granlund,Manitoba,Prarie,Home Office
15332,Theone Pippenger,British Columbia,West,Corporate
46372,Carlos Daly,Nunavut,Nunavut,Home Office
1892,Alan Schoenberger,British Columbia,West,Corporate
56516,Jim Karlsson,British Columbia,West,Small Business
36739,Evan Henry,Quebec,Quebec,Corporate
15778,Jennifer Patt,Newfoundland,Atlantic,Home Office
49218,Nathan Cano,British Columbia,West,Consumer
20225,Corey Catlett,British Columbia,West,Home Office
1382,Karl Brown,Newfoundland,Atlantic,Home Office
57029,Richard Bierner,Saskachewan,Prarie,Small Business
57059,Emily Grady,British Columbia,West,Home Office
8006,Pauline Johnson,New Brunswick,Atlantic,Corporate
32806,Cynthia Voltz,Newfoundland,Atlantic,Corporate
54659,Muhammed MacIntyre,Nunavut,Nunavut,Small Business
56039,Ken Brennan,Ontario,Ontario,Consumer
57510,David Kendrick,Nova Scotia,Atlantic,Home Office
43203,Darren Budd,Quebec,Quebec,Corporate
18147,Cindy Stewart,Yukon,Yukon,Consumer
16419,Craig Yedwab,Newfoundland,Atlantic,Corporate
1985,Vivek Grady,Ontario,Ontario,Corporate
14375,Jill Fjeld,Yukon,Yukon,Home Office
12355,Alyssa Crouse,Alberta,West,Corporate
28674,Doug O'Connell,British Columbia,West,Small Business
51553,Anthony Johnson,Northwest Territories,Northwest Territories,Small Business
52999,Frank Price,Nunavut,Nunavut,Corporate
57958,Sara Luxemburg,Yukon,Yukon,Corporate
40965,Bradley Drucker,Quebec,Quebec,Small Business
1444,Beth Thompson,Prince Edward Island,Atlantic,Corporate
58720,Sam Zeldin,Ontario,Ontario,Small Business
23207,Raymond Fair,Ontario,Ontario,Small Business
9091,Penelope Sewall,Alberta,West,Home Office
21638,Daniel Lacy,Quebec,Quebec,Small Business
20066,Georgia Rosenberg,Alberta,West,Consumer
678,Brendan Dodson,Prince Edward Island,Atlantic,Corporate
46372,Pete Kriz,British Columbia,West,Corporate
28807,Tom Ashbrook,Yukon,Yukon,Home Office
37188,Julia West,Northwest Territories,Northwest Territories,Corporate
42823,Jennifer Ferguson,Quebec,Quebec,Corporate
807,Quincy Jones,New Brunswick,Atlantic,Corporate
1222,Eugene Moren,British Columbia,West,Home Office
29349,Michael Nguyen,Ontario,Ontario,Small Business
38176,Ashley Jarboe,Saskachewan,Prarie,Small Business
49346,Pete Takahito,Quebec,Quebec,Corporate
1317,Tracy Hopkins,Saskachewan,Prarie,Small Business
48961,Anthony Johnson,British Columbia,West,Small Business
17764,Anne McFarland,British Columbia,West,Consumer
36292,Helen Wasserman,Quebec,Quebec,Corporate
16741,Tom Prescott,Yukon,Yukon,Small Business
54787,Julia West,Prince Edward Island,Atlantic,Consumer
48101,Brian Moss,Saskachewan,Prarie,Corporate
18471,Michael Kennedy,Ontario,Ontario,Corporate
18049,Jim Karlsson,Ontario,Ontario,Small Business
39649,Denise Monton,Manitoba,Prarie,Home Office
19105,Doug O'Connell,Ontario,Ontario,Small Business
40485,Doug Bickford,Prince Edward Island,Atlantic,Corporate
48391,Helen Andreada,Yukon,Yukon,Corporate
52900,Bill Shonely,Nova Scotia,Atlantic,Small Business
38466,Cari Schnelling,Northwest Territories,Northwest Territories,Small Business
54914,Chris Cortes,British Columbia,West,Consumer
47265,Ken Heidel,Saskachewan,Prarie,Corporate
43523,Noah Childs,Manitoba,Prarie,Home Office
34976,Denny Ordway,British Columbia,West,Small Business
1444,Katherine Murray,Ontario,Ontario,Home Office
4545,Sanjit Engle,Manitoba,Prarie,Home Office
23232,Janet Lee,Saskachewan,Prarie,Consumer
258,Sylvia Foulston,Quebec,Quebec,Corporate
8480,Justin Hirsh,British Columbia,West,Consumer
4960,Emily Burns,Nova Scotia,Atlantic,Home Office
32129,Larry Blacks,Saskachewan,Prarie,Consumer
32580,Stewart Carmichael,British Columbia,West,Corporate
2595,David Flashing,Nova Scotia,Atlantic,Home Office
549,Paul Lucas,Quebec,Quebec,Corporate
13927,Sylvia Foulston,Prince Edward Island,Atlantic,Corporate
31392,John Stevenson,Quebec,Quebec,Small Business
48416,Dan Campbell,Ontario,Ontario,Small Business
26342,Aimee Bixby,New Brunswick,Atlantic,Home Office
50055,Sarah Jordon,Manitoba,Prarie,Consumer
33925,David Bremer,British Columbia,West,Corporate
22211,Tracy Collins,Manitoba,Prarie,Corporate
32611,Dorothy Badders,Prince Edward Island,Atlantic,Home Office
47078,Rob Haberlin,Ontario,Ontario,Consumer
43110,Giulietta Weimer,British Columbia,West,Home Office
31233,Alejandro Savely,Ontario,Ontario,Corporate
58947,Evan Bailliet,Manitoba,Prarie,Corporate
35364,Pierre Wener,Nova Scotia,Atlantic,Home Office
35877,Charles Sheldon,Manitoba,Prarie,Corporate
10722,Gene McClure,Manitoba,Prarie,Home Office
51361,Natalie Webber,Nova Scotia,Atlantic,Corporate
39492,Benjamin Farhat,Yukon,Yukon,Home Office
57350,Bill Eplett,Ontario,Ontario,Corporate
10272,Sean Braxton,Manitoba,Prarie,Small Business
34497,Dorris Love,Quebec,Quebec,Corporate
55459,Tony Chapman,Ontario,Ontario,Consumer
25157,Michelle Lonsdale,Northwest Territories,Northwest Territories,Corporate
32323,Andy Reiter,Saskachewan,Prarie,Corporate
36676,Dorothy Badders,Northwest Territories,Northwest Territories,Home Office
23428,Greg Hansen,Ontario,Ontario,Home Office
6438,Karen Ferguson,Quebec,Quebec,Home Office
19365,Theresa Swint,Manitoba,Prarie,Small Business
23301,Chuck Magee,Saskachewan,Prarie,Corporate
59271,Bobby Elias,Quebec,Quebec,Small Business
3750,Anthony O'Donnell,British Columbia,West,Corporate
42339,Muhammed Lee,British Columbia,West,Consumer
31941,Julie Kriz,Quebec,Quebec,Corporate
44294,Tony Chapman,Nova Scotia,Atlantic,Consumer
57155,Hunter Lopez,Nova Scotia,Atlantic,Consumer
47168,Shaun Weien,Nova Scotia,Atlantic,Home Office
58371,Noel Staavos,British Columbia,West,Home Office
59684,Tracy Hopkins,Yukon,Yukon,Small Business
30626,Rob Beeghly,Ontario,Ontario,Consumer
964,Amy Cox,Nova Scotia,Atlantic,Small Business
8704,Rick Wilson,Alberta,West,Consumer
25536,Alyssa Tate,British Columbia,West,Small Business
34211,Aaron Hawkins,Ontario,Ontario,Home Office
28774,Steve Carroll,British Columbia,West,Consumer
25601,Lisa Ryan,Alberta,West,Home Office
21636,Khloe Miller,Nova Scotia,Atlantic,Consumer
55875,Sung Chung,Alberta,West,Home Office
3460,Jack Garza,Nunavut,Nunavut,Corporate
50147,Eric Barreto,Nova Scotia,Atlantic,Small Business
56640,Troy Staebel,Nova Scotia,Atlantic,Small Business
6016,Jim Radford,Nunavut,Nunavut,Corporate
57638,Joy Smith,Prince Edward Island,Atlantic,Consumer
17668,Yana Sorensen,Newfoundland,Atlantic,Corporate
51271,Bruce Stewart,Ontario,Ontario,Corporate
43302,Angele Hood,British Columbia,West,Consumer
25314,Muhammed Lee,Nova Scotia,Atlantic,Consumer
28899,Ionia McGrath,Saskachewan,Prarie,Small Business
23685,Toby Grace,Saskachewan,Prarie,Home Office
40997,Mike Kennedy,Manitoba,Prarie,Small Business
12355,Marc Crier,Manitoba,Prarie,Consumer
32036,Paul Gonzalez,Prince Edward Island,Atlantic,Corporate
33444,Logan Haushalter,Prince Edward Island,Atlantic,Corporate
55200,Doug Bickford,Northwest Territories,Northwest Territories,Small Business
12323,Ken Lonsdale,Manitoba,Prarie,Consumer
42851,Frank Gastineau,Saskachewan,Prarie,Small Business
59845,Dianna Wilson,Quebec,Quebec,Small Business
20704,Ionia McGrath,Saskachewan,Prarie,Home Office
1412,Steven Ward,Manitoba,Prarie,Consumer
36449,Craig Carroll,Alberta,West,Small Business
1767,Stefania Perrino,Nova Scotia,Atlantic,Corporate
4738,Carlos Soltero,Northwest Territories,Northwest Territories,Consumer
56930,Joy Smith,Prince Edward Island,Atlantic,Corporate
22053,Annie Thurman,Ontario,Ontario,Consumer
28035,Noah Childs,Prince Edward Island,Atlantic,Home Office
39683,Eugene Barchas,Northwest Territories,Northwest Territories,Home Office
39876,Nathan Mautz,Manitoba,Prarie,Home Office
26724,Barry Franz,Newfoundland,Atlantic,Corporate
24647,Muhammed Yedwab,Nova Scotia,Atlantic,Consumer
26276,Erica Hackney,Alberta,West,Small Business
10342,Liz Thompson,Ontario,Ontario,Corporate
18918,David Kendrick,British Columbia,West,Home Office
9637,Bart Pistole,Quebec,Quebec,Home Office
21383,Daniel Raglin,Ontario,Ontario,Corporate
43459,Eric Barreto,Newfoundland,Atlantic,Consumer
59170,Julia Barnett,Quebec,Quebec,Corporate
50275,George Zrebassa,Nova Scotia,Atlantic,Small Business
12419,Carlos Meador,Quebec,Quebec,Consumer
43494,Jack O'Briant,Nova Scotia,Atlantic,Consumer
50148,Benjamin Venier,Quebec,Quebec,Small Business
32386,Jennifer Ferguson,Quebec,Quebec,Home Office
49380,Dave Brooks,Manitoba,Prarie,Corporate
21634,Ann Blume,Nova Scotia,Atlantic,Corporate
3073,Michelle Lonsdale,Prince Edward Island,Atlantic,Corporate
37095,John Murray,British Columbia,West,Small Business
29766,Katrina Bavinger,Ontario,Ontario,Consumer
43044,Troy Staebel,Quebec,Quebec,Small Business
21862,Deborah Brumfield,Quebec,Quebec,Small Business
51553,Barry French,Northwest Territories,Northwest Territories,Consumer
30343,Bill Eplett,British Columbia,West,Corporate
17668,Astrea Jones,Ontario,Ontario,Corporate
41059,Sylvia Foulston,Nova Scotia,Atlantic,Consumer
32001,Katrina Bavinger,Ontario,Ontario,Home Office
35139,Bryan Mills,Northwest Territories,Northwest Territories,Corporate
33703,Corinna Mitchell,Newfoundland,Atlantic,Corporate
12803,Sylvia Foulston,Nunavut,Nunavut,Corporate
35908,Emily Ducich,Manitoba,Prarie,Consumer
32929,Doug Bickford,Ontario,Ontario,Corporate
37634,Mike Pelletier,Northwest Territories,Northwest Territories,Small Business
25666,Lena Hernandez,British Columbia,West,Home Office
45571,Lena Hernandez,Nova Scotia,Atlantic,Home Office
44002,Jeremy Ellison,Ontario,Ontario,Small Business
16225,Aaron Hawkins,Yukon,Yukon,Home Office
10528,Edward Hooks,Nunavut,Nunavut,Consumer
11777,Ross DeVincentis,Quebec,Quebec,Corporate
611,Mick Brown,British Columbia,West,Consumer
42528,Deborah Brumfield,Manitoba,Prarie,Corporate
37223,Dianna Wilson,Ontario,Ontario,Small Business
16036,Tony Molinari,Yukon,Yukon,Corporate
22085,Hilary Holden,Manitoba,Prarie,Corporate
26945,Skye Norling,Nunavut,Nunavut,Home Office
11687,Maribeth Schnelling,New Brunswick,Atlantic,Corporate
58084,Karl Brown,Nova Scotia,Atlantic,Corporate
35136,Susan Vittorini,Ontario,Ontario,Corporate
49762,Peter Buhler,British Columbia,West,Consumer
36675,Evan Henry,Yukon,Yukon,Corporate
48512,Trudy Schmidt,Nova Scotia,Atlantic,Small Business
55011,Jennifer Halladay,Ontario,Ontario,Home Office
13894,Stefania Perrino,Ontario,Ontario,Corporate
11398,Jack O'Briant,Nova Scotia,Atlantic,Home Office
43362,Neil Knudson,British Columbia,West,Home Office
29127,Allen Armold,British Columbia,West,Home Office
54151,Maria Bertelson,Manitoba,Prarie,Corporate
14662,Stefania Perrino,Saskachewan,Prarie,Corporate
56802,Emily Phan,British Columbia,West,Consumer
38021,Roland Black,British Columbia,West,Small Business
24135,Chuck Clark,British Columbia,West,Corporate
16805,Mike Kennedy,Nova Scotia,Atlantic,Small Business
18405,Darren Powers,Alberta,West,Corporate
50278,Muhammed Lee,British Columbia,West,Corporate
22468,Skye Norling,Northwest Territories,Northwest Territories,Home Office
37216,Bradley Drucker,Nova Scotia,Atlantic,Small Business
30497,Nicole Brennan,Nova Scotia,Atlantic,Consumer
30915,Dennis Bolton,Manitoba,Prarie,Small Business
41824,Troy Staebel,Newfoundland,Atlantic,Small Business
55234,Corey Roper,Yukon,Yukon,Small Business
21159,Bill Tyler,Quebec,Quebec,Consumer
57760,Sylvia Foulston,Quebec,Quebec,Home Office
49062,Bart Folk,British Columbia,West,Corporate
49889,David Flashing,Quebec,Quebec,Home Office
32199,Theresa Swint,Quebec,Quebec,Home Office
21892,Brendan Murry,Quebec,Quebec,Corporate
48452,Sylvia Foulston,Nunavut,Nunavut,Home Office
24070,Theone Pippenger,Nova Scotia,Atlantic,Corporate
44386,Paul Lucas,Nova Scotia,Atlantic,Corporate
23363,Eric Barreto,Quebec,Quebec,Small Business
59683,Alan Haines,Quebec,Quebec,Home Office
23429,Christina DeMoss,New Brunswick,Atlantic,Home Office
4389,Matt Abelman,Manitoba,Prarie,Consumer
24519,Ivan Liston,Ontario,Ontario,Consumer
57382,Quincy Jones,Yukon,Yukon,Small Business
31171,Dianna Wilson,Nova Scotia,Atlantic,Small Business
15815,Mark Cousins,Manitoba,Prarie,Home Office
11392,Greg Maxwell,Nova Scotia,Atlantic,Home Office
24581,Harold Dahlen,Alberta,West,Corporate
59045,Christy Brittain,Quebec,Quebec,Consumer
29506,Harold Engle,Manitoba,Prarie,Consumer
46726,Deborah Brumfield,Nova Scotia,Atlantic,Corporate
36131,Arthur Prichep,Ontario,Ontario,Small Business
6531,Anne Pryor,Quebec,Quebec,Corporate
10789,Kristina Nunn,Nova Scotia,Atlantic,Consumer
28064,Benjamin Venier,Ontario,Ontario,Small Business
225,Hallie Redmond,Alberta,West,Home Office
44609,Sue Ann Reed,Alberta,West,Consumer
29030,Cynthia Delaney,Quebec,Quebec,Home Office
16103,Katrina Willman,Ontario,Ontario,Consumer
24613,Rick Duston,Ontario,Ontario,Corporate
22881,Edward Nazzal,Ontario,Ontario,Small Business
9123,Lindsay Castell,Alberta,West,Corporate
13895,Kimberly Carter,British Columbia,West,Small Business
15109,Mark Cousins,Ontario,Ontario,Home Office
4642,Liz Pelletier,Saskachewan,Prarie,Corporate
20384,Deanra Eno,Nova Scotia,Atlantic,Corporate
35938,Mark Cousins,Manitoba,Prarie,Corporate
37254,Ken Heidel,Nova Scotia,Atlantic,Corporate
37669,Julia Barnett,Yukon,Yukon,Corporate
51619,Kean Thornton,Ontario,Ontario,Corporate
48483,Joseph Airdo,Ontario,Ontario,Corporate
11427,Bill Tyler,Yukon,Yukon,Consumer
353,Craig Yedwab,Quebec,Quebec,Consumer
58372,Aaron Smayling,Manitoba,Prarie,Small Business
8704,Jason Gross,Manitoba,Prarie,Small Business
8224,Kimberly Carter,British Columbia,West,Home Office
16897,Julia West,Northwest Territories,Northwest Territories,Consumer
56644,Chad Cunningham,Northwest Territories,Northwest Territories,Small Business
6241,Bill Shonely,Quebec,Quebec,Small Business
29058,Amy Hunt,Saskachewan,Prarie,Consumer
42439,Benjamin Venier,British Columbia,West,Small Business
28064,Harold Dahlen,Newfoundland,Atlantic,Consumer
25828,Natalie Webber,Newfoundland,Atlantic,Consumer
25092,Greg Maxwell,British Columbia,West,Home Office
10436,Jennifer Ferguson,Saskachewan,Prarie,Corporate
54977,Michael Stewart,Quebec,Quebec,Small Business
46243,Michael Stewart,Nova Scotia,Atlantic,Small Business
22183,Karen Ferguson,Nova Scotia,Atlantic,Home Office
36134,Dennis Bolton,Ontario,Ontario,Small Business
33152,Robert Waldorf,Saskachewan,Prarie,Home Office
50725,Lauren Leatherbury,British Columbia,West,Home Office
31878,Jeremy Lonsdale,Alberta,West,Corporate
26407,Maribeth Dona,Quebec,Quebec,Home Office
43682,Craig Carroll,Ontario,Ontario,Small Business
25378,Sally Hughsby,Ontario,Ontario,Home Office
10310,Sandra Flanagan,Ontario,Ontario,Corporate
38630,Frank Gastineau,Alberta,West,Small Business
12194,Brad Thomas,Yukon,Yukon,Corporate
483,Andy Reiter,Ontario,Ontario,Corporate
32613,Tom Prescott,Newfoundland,Atlantic,Small Business
53953,Craig Yedwab,Ontario,Ontario,Consumer
35300,Don Miller,Nunavut,Nunavut,Home Office
23046,Joni Wasserman,Nova Scotia,Atlantic,Consumer
26660,Max Engle,Alberta,West,Corporate
20451,Ken Heidel,Manitoba,Prarie,Corporate
15105,Erica Smith,Ontario,Ontario,Small Business
40835,Tim Taslimi,British Columbia,West,Corporate
13540,Helen Wasserman,Alberta,West,Home Office
45030,Grant Carroll,Ontario,Ontario,Corporate
19974,Giulietta Dortch,Ontario,Ontario,Corporate
49921,Eleni McCrary,Ontario,Ontario,Corporate
42725,David Smith,Nova Scotia,Atlantic,Small Business
19138,Sean Wendt,Nova Scotia,Atlantic,Corporate
52321,Anthony Garverick,Nova Scotia,Atlantic,Small Business
33285,Adrian Hane,Alberta,West,Corporate
44647,Cathy Prescott,Alberta,West,Corporate
48096,Tracy Poddar,Newfoundland,Atlantic,Corporate
55558,Matt Collister,Ontario,Ontario,Home Office
21893,Phillip Breyer,Ontario,Ontario,Corporate
56002,Kimberly Carter,Quebec,Quebec,Small Business
35111,Alyssa Crouse,Alberta,West,Home Office
35137,Denny Joy,Ontario,Ontario,Corporate
25634,Brian Stugart,Quebec,Quebec,Consumer
11040,Bradley Talbott,Nova Scotia,Atlantic,Corporate
43364,Carol Triggs,Quebec,Quebec,Corporate
29667,Amy Cox,Ontario,Ontario,Home Office
25830,Michelle Tran,Quebec,Quebec,Home Office
10852,Eric Barreto,Ontario,Ontario,Consumer
15142,David Flashing,Nova Scotia,Atlantic,Consumer
17698,Deborah Brumfield,Nova Scotia,Atlantic,Small Business
21889,Janet Martin,Quebec,Quebec,Corporate
7107,Keith Herrera,Quebec,Quebec,Small Business
7941,Natalie Fritzler,Ontario,Ontario,Home Office
20451,Giulietta Dortch,Quebec,Quebec,Corporate
36131,Jill Fjeld,Manitoba,Prarie,Home Office
26695,Hunter Lopez,Newfoundland,Atlantic,Consumer
3271,Harold Dahlen,British Columbia,West,Consumer
30341,Joseph Holt,Saskachewan,Prarie,Home Office
25472,Debra Catini,Ontario,Ontario,Small Business
38017,Eric Barreto,Newfoundland,Atlantic,Small Business
12420,Harry Greene,Alberta,West,Corporate
35555,Bill Eplett,Saskachewan,Prarie,Corporate
9286,Anne McFarland,Yukon,Yukon,Consumer
1575,Bart Folk,Quebec,Quebec,Corporate
48641,Bill Donatelli,Ontario,Ontario,Small Business
28581,Janet Martin,Newfoundland,Atlantic,Corporate
29856,Carlos Soltero,Prince Edward Island,Atlantic,Small Business
6150,Joy Smith,Manitoba,Prarie,Consumer
290,Erica Hackney,Ontario,Ontario,Small Business
52416,Karl Brown,Ontario,Ontario,Home Office
31111,Nicole Brennan,Quebec,Quebec,Home Office
41415,Liz Willingham,Ontario,Ontario,Corporate
19300,Dianna Arnett,Ontario,Ontario,Home Office
12067,Lindsay Castell,Quebec,Quebec,Corporate
20354,Bobby Elias,Ontario,Ontario,Small Business
29991,Toby Knight,Manitoba,Prarie,Consumer
24132,Tom Stivers,Saskachewan,Prarie,Corporate
20193,Sylvia Foulston,Nova Scotia,Atlantic,Corporate
34978,Kalyca Meade,Ontario,Ontario,Corporate
39586,Jenna Caffey,Prince Edward Island,Atlantic,Consumer
21412,Neil Ducich,Nova Scotia,Atlantic,Home Office
17253,Mary O'Rourke,British Columbia,West,Home Office
55458,Rick Huthwaite,British Columbia,West,Corporate
33605,Laurel Elliston,Quebec,Quebec,Home Office
47301,Ivan Gibson,Manitoba,Prarie,Corporate
49381,Mark Hamilton,Saskachewan,Prarie,Home Office
20390,Clay Rozendal,Nunavut,Nunavut,Corporate
17124,Roland Fjeld,Yukon,Yukon,Corporate
44098,Lisa DeCherney,New Brunswick,Atlantic,Corporate
59939,Katherine Ducich,British Columbia,West,Corporate
45155,Speros Goranitis,Quebec,Quebec,Corporate
58117,Brad Thomas,Quebec,Quebec,Home Office
41026,Ken Brennan,Ontario,Ontario,Home Office
9700,Giulietta Baptist,British Columbia,West,Home Office
19621,Robert Waldorf,Manitoba,Prarie,Home Office
21856,Anthony Garverick,Yukon,Yukon,Small Business
194,Katherine Murray,Quebec,Quebec,Home Office
9573,Mike Kennedy,British Columbia,West,Corporate
53635,Carlos Meador,Newfoundland,Atlantic,Corporate
8293,Ben Peterman,Ontario,Ontario,Corporate
40164,Julie Kriz,Nova Scotia,Atlantic,Corporate
17858,Muhammed Lee,Quebec,Quebec,Consumer
8933,Tony Molinari,Ontario,Ontario,Corporate
5863,Chris McAfee,British Columbia,West,Consumer
10242,Ann Blume,Ontario,Ontario,Corporate
44451,Eric Murdock,Yukon,Yukon,Home Office
51269,Adrian Hane,Northwest Territories,Northwest Territories,Corporate
2054,Dianna Arnett,Newfoundland,Atlantic,Home Office
53536,Giulietta Dortch,Nova Scotia,Atlantic,Corporate
32325,Nicole Brennan,Alberta,West,Consumer
46052,Dorothy Dickinson,Ontario,Ontario,Corporate
57061,Cynthia Voltz,Quebec,Quebec,Corporate
39267,Eleni McCrary,Quebec,Quebec,Corporate
6115,Neil Ducich,British Columbia,West,Home Office
32996,Phillip Breyer,New Brunswick,Atlantic,Corporate
44000,Andrew Roberts,Alberta,West,Small Business
30759,Amy Cox,Newfoundland,Atlantic,Small Business
46437,Janet Martin,Nova Scotia,Atlantic,Corporate
27746,Brian Thompson,Manitoba,Prarie,Home Office
12326,Matt Abelman,Nova Scotia,Atlantic,Consumer
26145,Chris McAfee,Yukon,Yukon,Consumer
36355,Tiffany House,Saskachewan,Prarie,Corporate
10081,Anthony Jacobs,Alberta,West,Home Office
6148,Emily Phan,Nova Scotia,Atlantic,Consumer
28390,Nicole Brennan,British Columbia,West,Consumer
2790,Sally Knutson,Nova Scotia,Atlantic,Corporate
36999,Matt Abelman,Manitoba,Prarie,Home Office
24388,Mitch Gastineau,Alberta,West,Corporate
18279,Julia Barnett,Nova Scotia,Atlantic,Corporate
12704,Rick Reed,Quebec,Quebec,Consumer
54917,Karen Carlisle,Yukon,Yukon,Home Office
20033,Sara Luxemburg,Ontario,Ontario,Small Business
23168,Nicole Brennan,Newfoundland,Atlantic,Consumer
33763,Muhammed Yedwab,Quebec,Quebec,Consumer
5988,Alex Grayson,Newfoundland,Atlantic,Consumer
27746,Jennifer Patt,Quebec,Quebec,Home Office
30658,Evan Minnotte,Manitoba,Prarie,Corporate
58917,Irene Maddox,Yukon,Yukon,Consumer
48128,Roger Barcio,Alberta,West,Corporate
31078,Andrew Gjertsen,Northwest Territories,Northwest Territories,Consumer
50338,Eric Barreto,Nova Scotia,Atlantic,Consumer
53508,Gene McClure,Quebec,Quebec,Consumer
37668,Dan Campbell,Nova Scotia,Atlantic,Small Business
26784,Troy Staebel,Ontario,Ontario,Small Business
47174,Chuck Magee,Manitoba,Prarie,Corporate
967,Amy Cox,Yukon,Yukon,Small Business
19718,Ed Jacobs,British Columbia,West,Small Business
54501,Liz Willingham,Nova Scotia,Atlantic,Home Office
21445,Susan Vittorini,Prince Edward Island,Atlantic,Corporate
39393,Grant Thornton,Quebec,Quebec,Corporate
35265,Quincy Jones,New Brunswick,Atlantic,Home Office
42918,Rick Reed,Northwest Territories,Northwest Territories,Consumer
37505,Adrian Barton,Alberta,West,Small Business
53283,Craig Carreira,Saskachewan,Prarie,Corporate
12389,Hunter Lopez,Ontario,Ontario,Consumer
42912,Dean Percer,Quebec,Quebec,Home Office
30023,Katrina Edelman,Alberta,West,Corporate
38979,Harold Dahlen,Alberta,West,Consumer
41383,Karl Brown,Newfoundland,Atlantic,Corporate
52642,Thea Hendricks,British Columbia,West,Home Office
30407,Parhena Norris,British Columbia,West,Home Office
23042,Sarah Bern,British Columbia,West,Corporate
26565,Chad Cunningham,Prince Edward Island,Atlantic,Small Business
20704,Aleksandra Gannaway,British Columbia,West,Home Office
28512,Dean Percer,Yukon,Yukon,Home Office
41350,Brian Stugart,Ontario,Ontario,Corporate
12196,John Grady,Ontario,Ontario,Corporate
34849,Emily Grady,Saskachewan,Prarie,Home Office
6403,Karl Brown,Quebec,Quebec,Corporate
53895,Heather Jas,Nova Scotia,Atlantic,Corporate
56423,Aleksandra Gannaway,Saskachewan,Prarie,Home Office
51302,Jason Gross,Ontario,Ontario,Small Business
27717,Jay Fine,Yukon,Yukon,Consumer
3297,Anthony Witt,Saskachewan,Prarie,Corporate
48518,Eleni McCrary,Ontario,Ontario,Home Office
36358,Randy Bradley,Saskachewan,Prarie,Corporate
56163,Evan Henry,Nova Scotia,Atlantic,Corporate
13920,Michelle Ellison,Ontario,Ontario,Home Office
45762,Ed Jacobs,Newfoundland,Atlantic,Small Business
17956,Grant Carroll,Nunavut,Nunavut,Corporate
13094,Brian Moss,British Columbia,West,Corporate
57314,Monica Federle,Nunavut,Nunavut,Corporate
4006,Joni Wasserman,British Columbia,West,Consumer
25028,Dan Campbell,Yukon,Yukon,Small Business
24960,Anthony Garverick,Quebec,Quebec,Small Business
7107,Tony Sayre,Quebec,Quebec,Small Business
59204,Kean Thornton,British Columbia,West,Corporate
53477,Mark Haberlin,Yukon,Yukon,Small Business
59425,Jeremy Pistek,Yukon,Yukon,Corporate
34754,Dennis Bolton,Nova Scotia,Atlantic,Small Business
18368,Barry Weirich,Northwest Territories,Northwest Territories,Corporate
52391,Damala Kotsonis,Quebec,Quebec,Corporate
38944,Sean Wendt,Manitoba,Prarie,Corporate
22210,Grace Kelly,Alberta,West,Consumer
33734,Chuck Sachs,Newfoundland,Atlantic,Consumer
52128,Denise Leinenbach,Nova Scotia,Atlantic,Home Office
59680,Shahid Collister,Ontario,Ontario,Home Office
42631,John Grady,British Columbia,West,Corporate
45218,Nicole Fjeld,Saskachewan,Prarie,Small Business
44224,Erica Bern,Manitoba,Prarie,Corporate
7367,Jason Klamczynski,Saskachewan,Prarie,Small Business
13991,Guy Thornton,Manitoba,Prarie,Corporate
31523,Khloe Miller,Nova Scotia,Atlantic,Home Office
48295,Liz Price,Nova Scotia,Atlantic,Corporate
59174,Giulietta Dortch,Newfoundland,Atlantic,Consumer
3654,Tracy Collins,New Brunswick,Atlantic,Corporate
47622,Raymond Fair,Newfoundland,Atlantic,Small Business
30917,Maria Etezadi,Alberta,West,Home Office
35684,Hallie Redmond,Alberta,West,Small Business
56032,George Zrebassa,Ontario,Ontario,Home Office
23172,Muhammed Lee,Newfoundland,Atlantic,Consumer
16676,Nathan Mautz,Manitoba,Prarie,Corporate
44995,Grant Donatelli,Alberta,West,Consumer
57344,Jay Fine,Newfoundland,Atlantic,Consumer
11719,Carlos Meador,Ontario,Ontario,Corporate
34112,Eric Barreto,Yukon,Yukon,Small Business
41666,Liz Price,British Columbia,West,Consumer
42177,Dan Campbell,Newfoundland,Atlantic,Small Business
44387,Brad Thomas,Newfoundland,Atlantic,Corporate
35361,Lisa DeCherney,New Brunswick,Atlantic,Consumer
19559,Christy Brittain,Ontario,Ontario,Consumer
28802,Craig Yedwab,Nova Scotia,Atlantic,Consumer
56580,Ashley Jarboe,Saskachewan,Prarie,Home Office
1764,Andy Reiter,Quebec,Quebec,Corporate
51943,Paul Knutson,Newfoundland,Atlantic,Corporate
40261,Toby Carlisle,Quebec,Quebec,Home Office
42852,Shirley Jackson,British Columbia,West,Corporate
44290,Sara Luxemburg,British Columbia,West,Small Business
21350,Mark Packer,Ontario,Ontario,Small Business
21346,Maya Herman,Nova Scotia,Atlantic,Corporate
40131,Eric Murdock,British Columbia,West,Home Office
51333,Nathan Mautz,British Columbia,West,Home Office
32800,Fred McMath,Newfoundland,Atlantic,Small Business
32800,Brad Thomas,Quebec,Quebec,Corporate
23808,Benjamin Venier,Nova Scotia,Atlantic,Small Business
14913,Ben Peterman,Newfoundland,Atlantic,Corporate
53152,Cathy Hwang,Nova Scotia,Atlantic,Home Office
18307,Maureen Grace,Manitoba,Prarie,Corporate
28995,Deborah Brumfield,Quebec,Quebec,Corporate
51879,Liz Price,Saskachewan,Prarie,Consumer
55297,Alan Shonely,Ontario,Ontario,Small Business
7746,Henry Goldwyn,Northwest Territories,Northwest Territories,Small Business
38976,Ricardo Emerson,Nova Scotia,Atlantic,Corporate
47267,Paul Knutson,Ontario,Ontario,Corporate
36133,Harold Dahlen,Newfoundland,Atlantic,Corporate
39168,Darrin Martin,Manitoba,Prarie,Small Business
57506,David Kendrick,Ontario,Ontario,Home Office
23719,Michael Paige,Nova Scotia,Atlantic,Small Business
11780,Jim Sink,Manitoba,Prarie,Corporate
18374,Matt Abelman,Nova Scotia,Atlantic,Small Business
7398,Craig Yedwab,Yukon,Yukon,Corporate
25507,Helen Abelman,Manitoba,Prarie,Home Office
42144,Luke Foster,Nova Scotia,Atlantic,Corporate
43367,Tony Molinari,Quebec,Quebec,Corporate
18465,Thea Hendricks,Newfoundland,Atlantic,Home Office
36099,Don Jones,Nunavut,Nunavut,Corporate
50533,Michael Granlund,British Columbia,West,Home Office
46565,Chad Sievert,British Columbia,West,Corporate
22950,Katherine Nockton,Quebec,Quebec,Corporate
38182,Dana Kaydos,Nova Scotia,Atlantic,Corporate
44737,Keith Herrera,British Columbia,West,Small Business
13761,Dave Hallsten,Quebec,Quebec,Home Office
31392,Craig Rider,Saskachewan,Prarie,Small Business
43815,Thomas Brumley,Manitoba,Prarie,Consumer
18179,Tony Sayre,Quebec,Quebec,Home Office
4932,Patrick Ryan,Manitoba,Prarie,Corporate
5543,Ann Blume,Quebec,Quebec,Small Business
35426,Shahid Shariari,Nova Scotia,Atlantic,Consumer
20160,Rose O'Brian,Alberta,West,Home Office
22466,Corey Catlett,Manitoba,Prarie,Home Office
25825,Claudia Miner,Nunavut,Nunavut,Small Business
13731,Maris LaWare,British Columbia,West,Home Office
12929,Kimberly Carter,Quebec,Quebec,Home Office
12868,Chuck Sachs,Ontario,Ontario,Consumer
16935,Marc Crier,Nova Scotia,Atlantic,Corporate
34694,Tom Stivers,Saskachewan,Prarie,Small Business
10439,Scott Williamson,Nova Scotia,Atlantic,Small Business
46880,Dean Percer,Newfoundland,Atlantic,Consumer
21539,Sara Luxemburg,Newfoundland,Atlantic,Small Business
24128,Emily Burns,British Columbia,West,Home Office
37895,John Castell,Nova Scotia,Atlantic,Small Business
41636,Cari Schnelling,Prince Edward Island,Atlantic,Small Business
52487,George Zrebassa,Newfoundland,Atlantic,Home Office
32516,Lindsay Castell,Quebec,Quebec,Small Business
15009,Andy Reiter,Nova Scotia,Atlantic,Corporate
46212,Elpida Rittenbach,Manitoba,Prarie,Consumer
8258,Shaun Weien,British Columbia,West,Home Office
44064,Scott Williamson,British Columbia,West,Small Business
26529,Dana Kaydos,British Columbia,West,Corporate
2562,Liz Price,Saskachewan,Prarie,Corporate
8578,Aaron Hawkins,Nova Scotia,Atlantic,Home Office
21859,Muhammed MacIntyre,Prince Edward Island,Atlantic,Small Business
48642,Mark Haberlin,Quebec,Quebec,Small Business
23906,Bobby Odegard,Alberta,West,Consumer
33889,John Grady,Nova Scotia,Atlantic,Corporate
16992,Gene McClure,Quebec,Quebec,Home Office
6560,Brad Thomas,Nova Scotia,Atlantic,Home Office
22561,Paul Lucas,Ontario,Ontario,Corporate
40102,Natalie Webber,Nova Scotia,Atlantic,Consumer
3588,Rick Duston,British Columbia,West,Corporate
28324,Dorothy Badders,Nunavut,Nunavut,Home Office
50566,Patrick Bzostek,Yukon,Yukon,Consumer
50816,Nicole Brennan,Alberta,West,Home Office
37825,Bobby Trafton,Quebec,Quebec,Small Business
19078,Noel Staavos,Newfoundland,Atlantic,Home Office
23971,Corinna Mitchell,Quebec,Quebec,Corporate
19744,Jim Sink,British Columbia,West,Corporate
24260,Ed Braxton,Manitoba,Prarie,Consumer
31492,Cathy Hwang,Quebec,Quebec,Home Office
42882,Maureen Gastineau,Quebec,Quebec,Consumer
20036,Barry Franz,Quebec,Quebec,Corporate
49797,Nathan Cano,Manitoba,Prarie,Consumer
52512,Mike Kennedy,British Columbia,West,Small Business
5094,Karl Brown,Yukon,Yukon,Home Office
38498,Bobby Odegard,Ontario,Ontario,Consumer
57216,Brad Eason,Nunavut,Nunavut,Small Business
38021,Eric Barreto,Ontario,Ontario,Small Business
